aileron,elevator,rudder,flaps,slats,speedbrake,throttle0,throttle1,engine-pump0,engine-pump1,electric-pump0,electric-pump1,external-power,APU-generator,latitude-deg,longitude-deg,altitude-ft,roll-deg,pitch-deg,heading-deg,side-slip-deg,airspeed-kt,glideslope,vertical-speed-fps,airspeed-indicator_indicated-speed-kt,altimeter_indicated-altitude-ft,altimeter_pressure-alt-ft,attitude-indicator_indicated-pitch-deg,attitude-indicator_indicated-roll-deg,attitude-indicator_internal-pitch-deg,attitude-indicator_internal-roll-deg,encoder_indicated-altitude-ft,encoder_pressure-alt-ft,gps_indicated-altitude-ft,gps_indicated-ground-speed-kt,gps_indicated-vertical-speed,indicated-heading-deg,magnetic-compass_indicated-heading-deg,slip-skid-ball_indicated-slip-skid,turn-indicator_indicated-turn-rate,vertical-speed-indicator_indicated-speed-fpm,engine_rpm
0.0,0.0,0.0,0.0,0.0,0.0,0.0,0.0,0.0,0.0,0.0,0.0,0.0,0.0,63.985043,-22.592484,-9999.0,0.0,0.424,270.02136,0.0,0.0,0.0,0.0,0.0,0.0,0.0,0.0,0.0,0.0,0.0,0.0,0.0,0.0,0.0,0.0,0.0,0.0,0.0,0.0,0.0,0.0
0.0,0.0,0.0,0.0,0.0,0.0,0.0,0.0,0.0,0.0,0.0,0.0,0.0,0.0,63.985043,-22.592484,-9999.0,0.0,0.424,270.02136,0.0,0.0,0.0,0.0,0.0,281.53503,1.193444,12.0,40.0,0.0,0.0,0.0,0.0,0.0,0.0,0.0,282.89304,0.0,0.0,0.0,0.0,0.0
0.0,0.0,0.0,0.0,0.0,0.0,0.0,0.0,0.0,0.0,0.0,0.0,0.0,0.0,63.991837,-22.605425,-9999.0,0.0,0.424,180.01839,0.0,0.0,0.0,0.0,0.0,281.53503,1.193444,12.0,40.0,0.0,0.0,0.0,0.0,0.0,0.0,0.0,282.89304,0.0,0.0,0.0,0.0,0.0
0.0,0.0,0.0,0.0,0.0,0.0,0.0,0.0,0.0,0.0,0.0,0.0,0.0,0.0,63.991837,-22.605425,-9999.0,0.0,0.424,180.01839,0.0,0.0,0.0,0.0,0.0,281.53503,1.193444,12.0,40.0,0.0,0.0,0.0,0.0,0.0,0.0,0.0,282.89304,0.0,0.0,0.0,0.0,0.0
0.0,0.0,0.0,0.0,0.0,0.0,0.0,0.0,0.0,0.0,0.0,0.0,0.0,0.0,63.991837,-22.605425,-9999.0,0.0,0.424,180.01839,0.0,0.0,0.0,0.0,0.0,281.53503,1.193444,12.0,40.0,0.0,0.0,0.0,0.0,0.0,0.0,0.0,282.89304,0.0,0.0,0.0,0.0,0.0
0.0,0.0,0.0,0.0,0.0,0.0,0.0,0.0,0.0,0.0,0.0,0.0,0.0,0.0,63.991837,-22.605425,-9999.0,0.0,0.424,180.01839,0.0,0.0,0.0,0.0,0.0,281.53503,1.193444,12.0,40.0,0.0,0.0,0.0,0.0,0.0,0.0,0.0,282.89304,0.0,0.0,0.0,0.0,0.0
0.0,0.0,0.0,0.0,0.0,0.0,0.0,0.0,0.0,0.0,0.0,0.0,0.0,0.0,63.991837,-22.605425,-9999.0,0.0,0.424,180.01839,0.0,0.0,0.0,0.0,0.0,281.53503,1.193444,12.0,40.0,0.0,0.0,0.0,0.0,0.0,0.0,0.0,282.89304,0.0,0.0,0.0,0.0,0.0
0.0,0.0,0.0,0.0,0.0,0.0,0.0,0.0,0.0,0.0,0.0,0.0,0.0,0.0,63.991837,-22.605425,-9999.0,0.0,0.424,180.01839,0.0,0.0,0.0,0.0,0.0,281.53503,1.193444,12.0,40.0,0.0,0.0,0.0,0.0,0.0,0.0,0.0,282.89304,0.0,0.0,0.0,0.0,0.0
0.0,0.0,0.0,0.0,0.0,0.0,0.0,0.0,0.0,0.0,0.0,0.0,0.0,0.0,63.991837,-22.605425,-9999.0,0.0,0.424,180.01839,0.0,0.0,0.0,0.0,0.0,281.53503,1.193444,12.0,40.0,0.0,0.0,0.0,0.0,0.0,0.0,0.0,282.89304,0.0,0.0,0.0,0.0,0.0
0.0,0.0,0.0,0.0,0.0,0.0,0.0,0.0,0.0,0.0,0.0,0.0,0.0,0.0,63.991837,-22.605425,-9999.0,0.0,0.424,180.01839,0.0,0.0,0.0,0.0,0.0,281.53503,1.193444,12.0,40.0,0.0,0.0,0.0,0.0,0.0,0.0,0.0,282.89304,0.0,0.0,0.0,0.0,0.0
0.0,0.0,0.0,0.0,0.0,0.0,0.0,0.0,0.0,0.0,0.0,0.0,0.0,0.0,63.991837,-22.605425,-9999.0,0.0,0.424,180.01839,0.0,0.0,0.0,0.0,0.0,281.53503,1.193444,12.0,40.0,0.0,0.0,0.0,0.0,0.0,0.0,0.0,282.89304,0.0,0.0,0.0,0.0,0.0
0.0,0.0,0.0,0.0,0.0,0.0,0.0,0.0,0.0,0.0,0.0,0.0,0.0,0.0,63.991837,-22.605425,-9999.0,0.0,0.424,180.01839,0.0,0.0,0.0,0.0,0.0,281.53503,1.193444,12.0,40.0,0.0,0.0,0.0,0.0,0.0,0.0,0.0,282.89304,0.0,0.0,0.0,0.0,0.0
0.0,0.0,0.0,0.0,0.0,0.0,0.0,0.0,0.0,0.0,0.0,0.0,0.0,0.0,63.991837,-22.605425,-9999.0,0.0,0.424,180.01839,0.0,0.0,0.0,0.0,0.0,281.53503,1.193444,12.0,40.0,0.0,0.0,0.0,0.0,0.0,0.0,0.0,282.89304,0.0,0.0,0.0,0.0,0.0
0.0,0.0,0.0,0.0,0.0,0.0,0.0,0.0,0.0,0.0,0.0,0.0,0.0,0.0,63.991837,-22.605425,-9999.0,0.0,0.424,180.01839,0.0,0.0,0.0,0.0,0.0,281.53503,1.193444,12.0,40.0,0.0,0.0,0.0,0.0,0.0,0.0,0.0,282.89304,0.0,0.0,0.0,0.0,0.0
0.0,0.0,0.0,0.0,0.0,0.0,0.0,0.0,0.0,0.0,0.0,0.0,0.0,0.0,63.991837,-22.605425,-9999.0,0.0,0.424,180.01839,0.0,0.0,0.0,0.0,0.0,281.53503,1.193444,12.0,40.0,0.0,0.0,0.0,0.0,0.0,0.0,0.0,282.89304,0.0,0.0,0.0,0.0,0.0
0.0,0.0,0.0,0.0,0.0,0.0,0.0,0.0,0.0,0.0,0.0,0.0,0.0,0.0,63.991837,-22.605425,-9999.0,0.0,0.424,180.01839,0.0,0.0,0.0,0.0,0.0,281.53503,1.193444,12.0,40.0,0.0,0.0,0.0,0.0,0.0,0.0,0.0,282.89304,0.0,0.0,0.0,0.0,0.0
0.0,0.0,0.0,0.0,0.0,0.0,0.0,0.0,0.0,0.0,0.0,0.0,0.0,0.0,63.991837,-22.605425,-9999.0,0.0,0.424,180.01839,0.0,0.0,0.0,0.0,0.0,281.53503,1.193444,12.0,40.0,0.0,0.0,0.0,0.0,0.0,0.0,0.0,282.89304,0.0,0.0,0.0,0.0,0.0
0.0,0.0,0.0,0.0,0.0,0.0,0.0,0.0,0.0,0.0,0.0,0.0,0.0,0.0,63.991837,-22.605425,-9999.0,0.0,0.424,180.01839,0.0,0.0,0.0,0.0,0.0,281.53503,1.193444,12.0,40.0,0.0,0.0,0.0,0.0,0.0,0.0,0.0,282.89304,0.0,0.0,0.0,0.0,0.0
0.0,0.0,0.0,0.0,0.0,0.0,0.0,0.0,0.0,0.0,0.0,0.0,0.0,0.0,63.991837,-22.605425,-9999.0,0.0,0.424,180.01839,0.0,0.0,0.0,0.0,0.0,281.53503,1.193444,12.0,40.0,0.0,0.0,0.0,0.0,0.0,0.0,0.0,282.89304,0.0,0.0,0.0,0.0,0.0
0.0,0.0,0.0,0.0,0.0,0.0,0.0,0.0,0.0,0.0,0.0,0.0,0.0,0.0,63.991837,-22.605425,-9999.0,0.0,0.424,180.01839,0.0,0.0,0.0,0.0,0.0,281.53503,1.193444,12.0,40.0,0.0,0.0,0.0,0.0,0.0,0.0,0.0,282.89304,0.0,0.0,0.0,0.0,0.0
0.0,0.0,0.0,0.0,0.0,0.0,0.0,0.0,0.0,0.0,0.0,0.0,0.0,0.0,63.991837,-22.605425,-9999.0,0.0,0.424,180.01839,0.0,0.0,0.0,0.0,0.0,281.53503,1.193444,12.0,40.0,0.0,0.0,0.0,0.0,0.0,0.0,0.0,282.89304,0.0,0.0,0.0,0.0,0.0
0.0,0.0,0.0,0.0,0.0,0.0,0.0,0.0,0.0,0.0,0.0,0.0,0.0,0.0,63.991837,-22.605425,-9999.0,0.0,0.424,180.01839,0.0,0.0,0.0,0.0,0.0,281.53503,1.193444,12.0,40.0,0.0,0.0,0.0,0.0,0.0,0.0,0.0,282.89304,0.0,0.0,0.0,0.0,0.0
0.0,0.0,0.0,0.0,0.0,0.0,0.0,0.0,0.0,0.0,0.0,0.0,0.0,0.0,63.991837,-22.605425,-9999.0,0.0,0.424,180.01839,0.0,0.0,0.0,0.0,0.0,281.53503,1.193444,12.0,40.0,0.0,0.0,0.0,0.0,0.0,0.0,0.0,282.89304,0.0,0.0,0.0,0.0,0.0
0.0,0.0,0.0,0.0,0.0,0.0,0.0,0.0,0.0,0.0,0.0,0.0,0.0,0.0,63.991837,-22.605425,-9999.0,0.0,0.424,180.01839,0.0,0.0,0.0,0.0,0.0,281.53503,1.193444,12.0,40.0,0.0,0.0,0.0,0.0,0.0,0.0,0.0,282.89304,0.0,0.0,0.0,0.0,0.0
0.0,0.0,0.0,0.0,0.0,0.0,0.0,0.0,0.0,0.0,0.0,0.0,0.0,0.0,63.991837,-22.605425,-9999.0,0.0,0.424,180.01839,0.0,0.0,0.0,0.0,0.0,281.53503,1.193444,12.0,40.0,0.0,0.0,0.0,0.0,0.0,0.0,0.0,282.89304,0.0,0.0,0.0,0.0,0.0
0.0,0.0,0.0,0.0,0.0,0.0,0.0,0.0,0.0,0.0,0.0,0.0,0.0,0.0,63.991837,-22.605425,-9999.0,0.0,0.424,180.01839,0.0,0.0,0.0,0.0,0.0,281.53503,1.193444,12.0,40.0,0.0,0.0,0.0,0.0,0.0,0.0,0.0,282.89304,0.0,0.0,0.0,0.0,0.0
0.0,0.0,0.0,0.0,0.0,0.0,0.0,0.0,0.0,0.0,0.0,0.0,0.0,0.0,63.991837,-22.605425,-9999.0,0.0,0.424,180.01839,0.0,0.0,0.0,0.0,0.0,281.53503,1.193444,12.0,40.0,0.0,0.0,0.0,0.0,0.0,0.0,0.0,282.89304,0.0,0.0,0.0,0.0,0.0
0.0,0.0,0.0,0.0,0.0,0.0,0.0,0.0,0.0,0.0,0.0,0.0,0.0,0.0,63.991837,-22.605425,-9999.0,0.0,0.424,180.01839,0.0,0.0,0.0,0.0,0.0,281.53503,1.193444,12.0,40.0,0.0,0.0,0.0,0.0,0.0,0.0,0.0,282.89304,0.0,0.0,0.0,0.0,0.0
0.0,0.0,0.0,0.0,0.0,0.0,0.0,0.0,0.0,0.0,0.0,0.0,0.0,0.0,63.991837,-22.605425,-9999.0,0.0,0.424,180.01839,0.0,0.0,0.0,0.0,0.0,281.53503,1.193444,12.0,40.0,0.0,0.0,0.0,0.0,0.0,0.0,0.0,282.89304,0.0,0.0,0.0,0.0,0.0
0.0,0.0,0.0,0.0,0.0,0.0,0.0,0.0,0.0,0.0,0.0,0.0,0.0,0.0,63.991837,-22.605425,-9999.0,0.0,0.424,180.01839,0.0,0.0,0.0,0.0,0.0,281.53503,1.193444,12.0,40.0,0.0,0.0,0.0,0.0,0.0,0.0,0.0,282.89304,0.0,0.0,0.0,0.0,0.0
0.0,0.0,0.0,0.0,0.0,0.0,0.0,0.0,0.0,0.0,0.0,0.0,0.0,0.0,63.991837,-22.605425,-9999.0,0.0,0.424,180.01839,0.0,0.0,0.0,0.0,0.0,281.53503,1.193444,12.0,40.0,0.0,0.0,0.0,0.0,0.0,0.0,0.0,282.89304,0.0,0.0,0.0,0.0,0.0
0.0,0.0,0.0,0.0,0.0,0.0,0.0,0.0,0.0,0.0,0.0,0.0,0.0,0.0,63.991837,-22.605425,-9999.0,0.0,0.424,180.01839,0.0,0.0,0.0,0.0,0.0,281.53503,1.193444,12.0,40.0,0.0,0.0,0.0,0.0,0.0,0.0,0.0,282.89304,0.0,0.0,0.0,0.0,0.0
0.0,0.0,0.0,0.0,0.0,0.0,0.0,0.0,0.0,0.0,0.0,0.0,0.0,0.0,63.991837,-22.605425,-9999.0,0.0,0.424,180.01839,0.0,0.0,0.0,0.0,0.0,281.53503,1.193444,12.0,40.0,0.0,0.0,0.0,0.0,0.0,0.0,0.0,282.89304,0.0,0.0,0.0,0.0,0.0
0.0,0.0,0.0,0.0,0.0,0.0,0.0,0.0,0.0,0.0,0.0,0.0,0.0,0.0,63.991837,-22.605425,-9999.0,0.0,0.424,180.01839,0.0,0.0,0.0,0.0,0.0,281.53503,1.193444,12.0,40.0,0.0,0.0,0.0,0.0,0.0,0.0,0.0,282.89304,0.0,0.0,0.0,0.0,0.0
0.0,0.0,0.0,0.0,0.0,0.0,0.0,0.0,0.0,0.0,0.0,0.0,0.0,0.0,63.991837,-22.605425,-9999.0,0.0,0.424,180.01839,0.0,0.0,0.0,0.0,0.0,281.53503,1.193444,12.0,40.0,0.0,0.0,0.0,0.0,0.0,0.0,0.0,282.89304,0.0,0.0,0.0,0.0,0.0
0.0,0.0,0.0,0.0,0.0,0.0,0.0,0.0,0.0,0.0,0.0,0.0,0.0,0.0,63.991837,-22.605425,-9999.0,0.0,0.424,180.01839,0.0,0.0,0.0,0.0,0.0,281.53503,1.193444,12.0,40.0,0.0,0.0,0.0,0.0,0.0,0.0,0.0,282.89304,0.0,0.0,0.0,0.0,0.0
0.0,0.0,0.0,0.0,0.0,0.0,0.0,0.0,0.0,0.0,0.0,0.0,0.0,0.0,63.991837,-22.605425,-9999.0,0.0,0.424,180.01839,0.0,0.0,0.0,0.0,0.0,281.53503,1.193444,12.0,40.0,0.0,0.0,0.0,0.0,0.0,0.0,0.0,282.89304,0.0,0.0,0.0,0.0,0.0
0.0,0.0,0.0,0.0,0.0,0.0,0.0,0.0,0.0,0.0,0.0,0.0,0.0,0.0,63.991837,-22.605425,-9999.0,0.0,0.424,180.01839,0.0,0.0,0.0,0.0,0.0,281.53503,1.193444,12.0,40.0,0.0,0.0,0.0,0.0,0.0,0.0,0.0,282.89304,0.0,0.0,0.0,0.0,0.0
0.0,0.0,0.0,0.0,0.0,0.0,0.0,0.0,0.0,0.0,0.0,0.0,0.0,0.0,63.991837,-22.605425,-9999.0,0.0,0.424,180.01839,0.0,0.0,0.0,0.0,0.0,281.53503,1.193444,12.0,40.0,0.0,0.0,0.0,0.0,0.0,0.0,0.0,282.89304,0.0,0.0,0.0,0.0,0.0
0.0,0.0,0.0,0.0,0.0,0.0,0.0,0.0,0.0,0.0,0.0,0.0,0.0,0.0,63.991837,-22.605425,-9999.0,0.0,0.424,180.01839,0.0,0.0,0.0,0.0,0.0,281.53503,1.193444,12.0,40.0,0.0,0.0,0.0,0.0,0.0,0.0,0.0,282.89304,0.0,0.0,0.0,0.0,0.0
0.0,0.0,0.0,0.0,0.0,0.0,0.0,0.0,0.0,0.0,0.0,0.0,0.0,0.0,63.991837,-22.605425,-9999.0,0.0,0.424,180.01839,0.0,0.0,0.0,0.0,0.0,281.53503,1.193444,12.0,40.0,0.0,0.0,0.0,0.0,0.0,0.0,0.0,282.89304,0.0,0.0,0.0,0.0,0.0
0.0,0.0,0.0,0.0,0.0,0.0,0.0,0.0,0.0,0.0,0.0,0.0,0.0,0.0,63.991837,-22.605425,-9999.0,0.0,0.424,180.01839,0.0,0.0,0.0,0.0,0.0,281.53503,1.193444,12.0,40.0,0.0,0.0,0.0,0.0,0.0,0.0,0.0,282.89304,0.0,0.0,0.0,0.0,0.0
0.0,0.0,0.0,0.0,0.0,0.0,0.0,0.0,0.0,0.0,0.0,0.0,0.0,0.0,63.991837,-22.605425,-9999.0,0.0,0.424,180.01839,0.0,0.0,0.0,0.0,0.0,281.53503,1.193444,12.0,40.0,0.0,0.0,0.0,0.0,0.0,0.0,0.0,282.89304,0.0,0.0,0.0,0.0,0.0
0.0,0.0,0.0,0.0,0.0,0.0,0.0,0.0,0.0,0.0,0.0,0.0,0.0,0.0,63.991837,-22.605425,-9999.0,0.0,0.424,180.01839,0.0,0.0,0.0,0.0,0.0,281.53503,1.193444,12.0,40.0,0.0,0.0,0.0,0.0,0.0,0.0,0.0,282.89304,0.0,0.0,0.0,0.0,0.0
0.0,0.0,0.0,0.0,0.0,0.0,0.0,0.0,0.0,0.0,0.0,0.0,0.0,0.0,63.991837,-22.605425,-9999.0,0.0,0.424,180.01839,0.0,0.0,0.0,0.0,0.0,281.53503,1.193444,12.0,40.0,0.0,0.0,0.0,0.0,0.0,0.0,0.0,282.89304,0.0,0.0,0.0,0.0,0.0
0.0,0.0,0.0,0.0,0.0,0.0,0.0,0.0,0.0,0.0,0.0,0.0,0.0,0.0,63.991837,-22.605425,-9999.0,0.0,0.424,180.01839,0.0,0.0,0.0,0.0,0.0,281.53503,1.193444,12.0,40.0,0.0,0.0,0.0,0.0,0.0,0.0,0.0,282.89304,0.0,0.0,0.0,0.0,0.0
0.0,0.0,0.0,0.0,0.0,0.0,0.0,0.0,0.0,0.0,0.0,0.0,0.0,0.0,63.991837,-22.605425,-9999.0,0.0,0.424,180.01839,0.0,0.0,0.0,0.0,0.0,281.53503,1.193444,12.0,40.0,0.0,0.0,0.0,0.0,0.0,0.0,0.0,282.89304,0.0,0.0,0.0,0.0,0.0
0.0,0.0,0.0,0.0,0.0,0.0,0.0,0.0,0.0,0.0,0.0,0.0,0.0,0.0,63.991837,-22.605425,-9999.0,0.0,0.424,180.01839,0.0,0.0,0.0,0.0,0.0,281.53503,1.193444,12.0,40.0,0.0,0.0,0.0,0.0,0.0,0.0,0.0,282.89304,0.0,0.0,0.0,0.0,0.0
0.0,0.0,0.0,0.0,0.0,0.0,0.0,0.0,0.0,0.0,0.0,0.0,0.0,0.0,63.991837,-22.605425,-9999.0,0.0,0.424,180.01839,0.0,0.0,0.0,0.0,0.0,281.53503,1.193444,12.0,40.0,0.0,0.0,0.0,0.0,0.0,0.0,0.0,282.89304,0.0,0.0,0.0,0.0,0.0
0.0,0.0,0.0,0.0,0.0,0.0,0.0,0.0,0.0,0.0,0.0,0.0,0.0,0.0,63.991837,-22.605425,-9999.0,0.0,0.424,180.01839,0.0,0.0,0.0,0.0,0.0,281.53503,1.193444,12.0,40.0,0.0,0.0,0.0,0.0,0.0,0.0,0.0,282.89304,0.0,0.0,0.0,0.0,0.0
0.0,0.0,0.0,0.0,0.0,0.0,0.0,0.0,0.0,0.0,0.0,0.0,0.0,0.0,63.991837,-22.605425,-9999.0,0.0,0.424,180.01839,0.0,0.0,0.0,0.0,0.0,281.53503,1.193444,12.0,40.0,0.0,0.0,0.0,0.0,0.0,0.0,0.0,282.89304,0.0,0.0,0.0,0.0,0.0
0.0,0.0,0.0,0.0,0.0,0.0,0.0,0.0,0.0,0.0,0.0,0.0,0.0,0.0,63.991837,-22.605425,-9999.0,0.0,0.424,180.01839,0.0,0.0,0.0,0.0,0.0,281.53503,1.193444,12.0,40.0,0.0,0.0,0.0,0.0,0.0,0.0,0.0,282.89304,0.0,0.0,0.0,0.0,0.0
0.0,0.0,0.0,0.0,0.0,0.0,0.0,0.0,0.0,0.0,0.0,0.0,0.0,0.0,63.991837,-22.605425,-9999.0,0.0,0.424,180.01839,0.0,0.0,0.0,0.0,0.0,281.53503,1.193444,12.0,40.0,0.0,0.0,0.0,0.0,0.0,0.0,0.0,282.89304,0.0,0.0,0.0,0.0,0.0
0.0,0.0,0.0,0.0,0.0,0.0,0.0,0.0,0.0,0.0,0.0,0.0,0.0,0.0,63.991837,-22.605425,-9999.0,0.0,0.424,180.01839,0.0,0.0,0.0,0.0,0.0,281.53503,1.193444,12.0,40.0,0.0,0.0,0.0,0.0,0.0,0.0,0.0,282.89304,0.0,0.0,0.0,0.0,0.0
0.0,0.0,0.0,0.0,0.0,0.0,0.0,0.0,0.0,0.0,0.0,0.0,0.0,0.0,63.991837,-22.605425,-9999.0,0.0,0.424,180.01839,0.0,0.0,0.0,0.0,0.0,281.53503,1.193444,12.0,40.0,0.0,0.0,0.0,0.0,0.0,0.0,0.0,282.89304,0.0,0.0,0.0,0.0,0.0
0.0,0.0,0.0,0.0,0.0,0.0,0.0,0.0,0.0,0.0,0.0,0.0,0.0,0.0,63.991837,-22.605425,-9999.0,0.0,0.424,180.01839,0.0,0.0,0.0,0.0,0.0,281.53503,1.193444,12.0,40.0,0.0,0.0,0.0,0.0,0.0,0.0,0.0,282.89304,0.0,0.0,0.0,0.0,0.0
0.0,0.0,0.0,0.0,0.0,0.0,0.0,0.0,0.0,0.0,0.0,0.0,0.0,0.0,63.991837,-22.605425,-9999.0,0.0,0.424,180.01839,0.0,0.0,0.0,0.0,0.0,281.53503,1.193444,12.0,40.0,0.0,0.0,0.0,0.0,0.0,0.0,0.0,282.89304,0.0,0.0,0.0,0.0,0.0
0.0,0.0,0.0,0.0,0.0,0.0,0.0,0.0,0.0,0.0,0.0,0.0,0.0,0.0,63.991837,-22.605425,-9999.0,0.0,0.424,180.01839,0.0,0.0,0.0,0.0,0.0,281.53503,1.193444,12.0,40.0,0.0,0.0,0.0,0.0,0.0,0.0,0.0,282.89304,0.0,0.0,0.0,0.0,0.0
0.0,0.0,0.0,0.0,0.0,0.0,0.0,0.0,0.0,0.0,0.0,0.0,0.0,0.0,63.991837,-22.605425,-9999.0,0.0,0.424,180.01839,0.0,0.0,0.0,0.0,0.0,281.53503,1.193444,12.0,40.0,0.0,0.0,0.0,0.0,0.0,0.0,0.0,282.89304,0.0,0.0,0.0,0.0,0.0
0.0,0.0,0.0,0.0,0.0,0.0,0.0,0.0,0.0,0.0,0.0,0.0,0.0,0.0,63.991837,-22.605425,-9999.0,0.0,0.424,180.01839,0.0,0.0,0.0,0.0,0.0,281.53503,1.193444,12.0,40.0,0.0,0.0,0.0,0.0,0.0,0.0,0.0,282.89304,0.0,0.0,0.0,0.0,0.0
0.0,0.0,0.0,0.0,0.0,0.0,0.0,0.0,0.0,0.0,0.0,0.0,0.0,0.0,63.991837,-22.605425,-9999.0,0.0,0.424,180.01839,0.0,0.0,0.0,0.0,0.0,281.53503,1.193444,12.0,40.0,0.0,0.0,0.0,0.0,0.0,0.0,0.0,282.89304,0.0,0.0,0.0,0.0,0.0
0.0,0.0,0.0,0.0,0.0,0.0,0.0,0.0,0.0,0.0,0.0,0.0,0.0,0.0,63.991837,-22.605425,-9999.0,0.0,0.424,180.01839,0.0,0.0,0.0,0.0,0.0,281.53503,1.193444,12.0,40.0,0.0,0.0,0.0,0.0,0.0,0.0,0.0,282.89304,0.0,0.0,0.0,0.0,0.0
0.0,0.0,0.0,0.0,0.0,0.0,0.0,0.0,0.0,0.0,0.0,0.0,0.0,0.0,63.991837,-22.605425,-9999.0,0.0,0.424,180.01839,0.0,0.0,0.0,0.0,0.0,281.53503,1.193444,12.0,40.0,0.0,0.0,0.0,0.0,0.0,0.0,0.0,282.89304,0.0,0.0,0.0,0.0,0.0
0.0,0.0,0.0,0.0,0.0,0.0,0.0,0.0,0.0,0.0,0.0,0.0,0.0,0.0,63.991837,-22.605425,-9999.0,0.0,0.424,180.01839,0.0,0.0,0.0,0.0,0.0,281.53503,1.193444,12.0,40.0,0.0,0.0,0.0,0.0,0.0,0.0,0.0,282.89304,0.0,0.0,0.0,0.0,0.0
0.0,0.0,0.0,0.0,0.0,0.0,0.0,0.0,0.0,0.0,0.0,0.0,0.0,0.0,63.991837,-22.605425,-9999.0,0.0,0.424,180.01839,0.0,0.0,0.0,0.0,0.0,281.53503,1.193444,12.0,40.0,0.0,0.0,0.0,0.0,0.0,0.0,0.0,282.89304,0.0,0.0,0.0,0.0,0.0
0.0,0.0,0.0,0.0,0.0,0.0,0.0,0.0,0.0,0.0,0.0,0.0,0.0,0.0,63.991837,-22.605425,-9999.0,0.0,0.424,180.01839,0.0,0.0,0.0,0.0,0.0,281.53503,1.193444,12.0,40.0,0.0,0.0,0.0,0.0,0.0,0.0,0.0,282.89304,0.0,0.0,0.0,0.0,0.0
0.0,0.0,0.0,0.0,0.0,0.0,0.0,0.0,0.0,0.0,0.0,0.0,0.0,0.0,63.991837,-22.605425,-9999.0,0.0,0.424,180.01839,0.0,0.0,0.0,0.0,0.0,281.53503,1.193444,12.0,40.0,0.0,0.0,0.0,0.0,0.0,0.0,0.0,282.89304,0.0,0.0,0.0,0.0,0.0
0.0,0.0,0.0,0.0,0.0,0.0,0.0,0.0,0.0,0.0,0.0,0.0,0.0,0.0,63.991837,-22.605425,-9999.0,0.0,0.424,180.01839,0.0,0.0,0.0,0.0,0.0,281.53503,1.193444,12.0,40.0,0.0,0.0,0.0,0.0,0.0,0.0,0.0,282.89304,0.0,0.0,0.0,0.0,0.0
0.0,0.0,0.0,0.0,0.0,0.0,0.0,0.0,0.0,0.0,0.0,0.0,0.0,0.0,63.991837,-22.605425,-9999.0,0.0,0.424,180.01839,0.0,0.0,0.0,0.0,0.0,281.53503,1.193444,12.0,40.0,0.0,0.0,0.0,0.0,0.0,0.0,0.0,282.89304,0.0,0.0,0.0,0.0,0.0
0.0,0.0,0.0,0.0,0.0,0.0,0.0,0.0,0.0,0.0,0.0,0.0,0.0,0.0,63.991837,-22.605425,-9999.0,0.0,0.424,180.01839,0.0,0.0,0.0,0.0,0.0,281.53503,1.193444,12.0,40.0,0.0,0.0,0.0,0.0,0.0,0.0,0.0,282.89304,0.0,0.0,0.0,0.0,0.0
0.0,0.0,0.0,0.0,0.0,0.0,0.0,0.0,0.0,0.0,0.0,0.0,0.0,0.0,63.991837,-22.605425,-9999.0,0.0,0.424,180.01839,0.0,0.0,0.0,0.0,0.0,281.53503,1.193444,12.0,40.0,0.0,0.0,0.0,0.0,0.0,0.0,0.0,282.89304,0.0,0.0,0.0,0.0,0.0
0.0,0.0,0.0,0.0,0.0,0.0,0.0,0.0,0.0,0.0,0.0,0.0,0.0,0.0,63.991837,-22.605425,-9999.0,0.0,0.424,180.01839,0.0,0.0,0.0,0.0,0.0,281.53503,1.193444,12.0,40.0,0.0,0.0,0.0,0.0,0.0,0.0,0.0,282.89304,0.0,0.0,0.0,0.0,0.0
0.0,0.0,0.0,0.0,0.0,0.0,0.0,0.0,0.0,0.0,0.0,0.0,0.0,0.0,63.991837,-22.605425,-9999.0,0.0,0.424,180.01839,0.0,0.0,0.0,0.0,0.0,281.53503,1.193444,12.0,40.0,0.0,0.0,0.0,0.0,0.0,0.0,0.0,282.89304,0.0,0.0,0.0,0.0,0.0
0.0,0.0,0.0,0.0,0.0,0.0,0.0,0.0,0.0,0.0,0.0,0.0,0.0,0.0,63.991837,-22.605425,-9999.0,0.0,0.424,180.01839,0.0,0.0,0.0,0.0,0.0,281.53503,1.193444,12.0,40.0,0.0,0.0,0.0,0.0,0.0,0.0,0.0,282.89304,0.0,0.0,0.0,0.0,0.0
0.0,0.0,0.0,0.0,0.0,0.0,0.0,0.0,0.0,0.0,0.0,0.0,0.0,0.0,63.991837,-22.605425,-9999.0,0.0,0.424,180.01839,0.0,0.0,0.0,0.0,0.0,281.53503,1.193444,12.0,40.0,0.0,0.0,0.0,0.0,0.0,0.0,0.0,282.89304,0.0,0.0,0.0,0.0,0.0
0.0,0.0,0.0,0.0,0.0,0.0,0.0,0.0,0.0,0.0,0.0,0.0,0.0,0.0,63.991837,-22.605425,-9999.0,0.0,0.424,180.01839,0.0,0.0,0.0,0.0,0.0,281.53503,1.193444,12.0,40.0,0.0,0.0,0.0,0.0,0.0,0.0,0.0,282.89304,0.0,0.0,0.0,0.0,0.0
0.0,0.0,0.0,0.0,0.0,0.0,0.0,0.0,0.0,0.0,0.0,0.0,0.0,0.0,63.991837,-22.605425,-9999.0,0.0,0.424,180.01839,0.0,0.0,0.0,0.0,0.0,281.53503,1.193444,12.0,40.0,0.0,0.0,0.0,0.0,0.0,0.0,0.0,282.89304,0.0,0.0,0.0,0.0,0.0
0.0,0.0,0.0,0.0,0.0,0.0,0.0,0.0,0.0,0.0,0.0,0.0,0.0,0.0,63.991837,-22.605425,-9999.0,0.0,0.424,180.01839,0.0,0.0,0.0,0.0,0.0,281.53503,1.193444,12.0,40.0,0.0,0.0,0.0,0.0,0.0,0.0,0.0,282.89304,0.0,0.0,0.0,0.0,0.0
0.0,0.0,0.0,0.0,0.0,0.0,0.0,0.0,0.0,0.0,0.0,0.0,0.0,0.0,63.991837,-22.605425,-9999.0,0.0,0.424,180.01839,0.0,0.0,0.0,0.0,0.0,281.53503,1.193444,12.0,40.0,0.0,0.0,0.0,0.0,0.0,0.0,0.0,282.89304,0.0,0.0,0.0,0.0,0.0
0.0,0.0,0.0,0.0,0.0,0.0,0.0,0.0,0.0,0.0,0.0,0.0,0.0,0.0,63.991837,-22.605425,-9999.0,0.0,0.424,180.01839,0.0,0.0,0.0,0.0,0.0,281.53503,1.193444,12.0,40.0,0.0,0.0,0.0,0.0,0.0,0.0,0.0,282.89304,0.0,0.0,0.0,0.0,0.0
0.0,0.0,0.0,0.0,0.0,0.0,0.0,0.0,0.0,0.0,0.0,0.0,0.0,0.0,63.991837,-22.605425,-9999.0,0.0,0.424,180.01839,0.0,0.0,0.0,0.0,0.0,281.53503,1.193444,12.0,40.0,0.0,0.0,0.0,0.0,0.0,0.0,0.0,282.89304,0.0,0.0,0.0,0.0,0.0
0.0,0.0,0.0,0.0,0.0,0.0,0.0,0.0,0.0,0.0,0.0,0.0,0.0,0.0,63.991837,-22.605425,-9999.0,0.0,0.424,180.01839,0.0,0.0,0.0,0.0,0.0,281.53503,1.193444,12.0,40.0,0.0,0.0,0.0,0.0,0.0,0.0,0.0,282.89304,0.0,0.0,0.0,0.0,0.0
0.0,0.0,0.0,0.0,0.0,0.0,0.0,0.0,0.0,0.0,0.0,0.0,0.0,0.0,63.991837,-22.605425,-9999.0,0.0,0.424,180.01839,0.0,0.0,0.0,0.0,0.0,281.53503,1.193444,12.0,40.0,0.0,0.0,0.0,0.0,0.0,0.0,0.0,282.89304,0.0,0.0,0.0,0.0,0.0
0.0,0.0,0.0,0.0,0.0,0.0,0.0,0.0,0.0,0.0,0.0,0.0,0.0,0.0,63.991837,-22.605425,-9999.0,0.0,0.424,180.01839,0.0,0.0,0.0,0.0,0.0,281.53503,1.193444,12.0,40.0,0.0,0.0,0.0,0.0,0.0,0.0,0.0,282.89304,0.0,0.0,0.0,0.0,0.0
0.0,0.0,0.0,0.0,0.0,0.0,0.0,0.0,0.0,0.0,0.0,0.0,0.0,0.0,63.991837,-22.605425,-9999.0,0.0,0.424,180.01839,0.0,0.0,0.0,0.0,0.0,281.53503,1.193444,12.0,40.0,0.0,0.0,0.0,0.0,0.0,0.0,0.0,282.89304,0.0,0.0,0.0,0.0,0.0
0.0,0.0,0.0,0.0,0.0,0.0,0.0,0.0,0.0,0.0,0.0,0.0,0.0,0.0,63.991837,-22.605425,-9999.0,0.0,0.424,180.01839,0.0,0.0,0.0,0.0,0.0,281.53503,1.193444,12.0,40.0,0.0,0.0,0.0,0.0,0.0,0.0,0.0,282.89304,0.0,0.0,0.0,0.0,0.0
0.0,0.0,0.0,0.0,0.0,0.0,0.0,0.0,0.0,0.0,0.0,0.0,0.0,0.0,63.991837,-22.605425,-9999.0,0.0,0.424,180.01839,0.0,0.0,0.0,0.0,0.0,281.53503,1.193444,12.0,40.0,0.0,0.0,0.0,0.0,0.0,0.0,0.0,282.89304,0.0,0.0,0.0,0.0,0.0
0.0,0.0,0.0,0.0,0.0,0.0,0.0,0.0,0.0,0.0,0.0,0.0,0.0,0.0,63.991837,-22.605425,-9999.0,0.0,0.424,180.01839,0.0,0.0,0.0,0.0,0.0,281.53503,1.193444,12.0,40.0,0.0,0.0,0.0,0.0,0.0,0.0,0.0,282.89304,0.0,0.0,0.0,0.0,0.0
0.0,0.0,0.0,0.0,0.0,0.0,0.0,0.0,0.0,0.0,0.0,0.0,0.0,0.0,63.991837,-22.605425,-9999.0,0.0,0.424,180.01839,0.0,0.0,0.0,0.0,0.0,281.53503,1.193444,12.0,40.0,0.0,0.0,0.0,0.0,0.0,0.0,0.0,282.89304,0.0,0.0,0.0,0.0,0.0
0.0,0.0,0.0,0.0,0.0,0.0,0.0,0.0,0.0,0.0,0.0,0.0,0.0,0.0,63.991837,-22.605425,-9999.0,0.0,0.424,180.01839,0.0,0.0,0.0,0.0,0.0,281.53503,1.193444,12.0,40.0,0.0,0.0,0.0,0.0,0.0,0.0,0.0,282.89304,0.0,0.0,0.0,0.0,0.0
0.0,0.0,0.0,0.0,0.0,0.0,0.0,0.0,0.0,0.0,0.0,0.0,0.0,0.0,63.991837,-22.605425,-9999.0,0.0,0.424,180.01839,0.0,0.0,0.0,0.0,0.0,281.53503,1.193444,12.0,40.0,0.0,0.0,0.0,0.0,0.0,0.0,0.0,282.89304,0.0,0.0,0.0,0.0,0.0
0.0,0.0,0.0,0.0,0.0,0.0,0.0,0.0,0.0,0.0,0.0,0.0,0.0,0.0,63.991837,-22.605425,-9999.0,0.0,0.424,180.01839,0.0,0.0,0.0,0.0,0.0,281.53503,1.193444,12.0,40.0,0.0,0.0,0.0,0.0,0.0,0.0,0.0,282.89304,0.0,0.0,0.0,0.0,0.0
0.0,0.0,0.0,0.0,0.0,0.0,0.0,0.0,0.0,0.0,0.0,0.0,0.0,0.0,63.991837,-22.605425,-9999.0,0.0,0.424,180.01839,0.0,0.0,0.0,0.0,0.0,281.53503,1.193444,12.0,40.0,0.0,0.0,0.0,0.0,0.0,0.0,0.0,282.89304,0.0,0.0,0.0,0.0,0.0
0.0,0.0,0.0,0.0,0.0,0.0,0.0,0.0,0.0,0.0,0.0,0.0,0.0,0.0,63.991837,-22.605425,-9999.0,0.0,0.424,180.01839,0.0,0.0,0.0,0.0,0.0,281.53503,1.193444,12.0,40.0,0.0,0.0,0.0,0.0,0.0,0.0,0.0,282.89304,0.0,0.0,0.0,0.0,0.0
0.0,0.0,0.0,0.0,0.0,0.0,0.0,0.0,0.0,0.0,0.0,0.0,0.0,0.0,63.991837,-22.605425,-9999.0,0.0,0.424,180.01839,0.0,0.0,0.0,0.0,0.0,281.53503,1.193444,12.0,40.0,0.0,0.0,0.0,0.0,0.0,0.0,0.0,282.89304,0.0,0.0,0.0,0.0,0.0
0.0,0.0,0.0,0.0,0.0,0.0,0.0,0.0,0.0,0.0,0.0,0.0,0.0,0.0,63.991837,-22.605425,-9999.0,0.0,0.424,180.01839,0.0,0.0,0.0,0.0,0.0,281.53503,1.193444,12.0,40.0,0.0,0.0,0.0,0.0,0.0,0.0,0.0,282.89304,0.0,0.0,0.0,0.0,0.0
0.0,0.0,0.0,0.0,0.0,0.0,0.0,0.0,0.0,0.0,0.0,0.0,0.0,0.0,63.991837,-22.605425,-9999.0,0.0,0.424,180.01839,0.0,0.0,0.0,0.0,0.0,281.53503,1.193444,12.0,40.0,0.0,0.0,0.0,0.0,0.0,0.0,0.0,282.89304,0.0,0.0,0.0,0.0,0.0
0.0,0.0,0.0,0.0,0.0,0.0,0.0,0.0,0.0,0.0,0.0,0.0,0.0,0.0,63.991837,-22.605425,-9999.0,0.0,0.424,180.01839,0.0,0.0,0.0,0.0,0.0,281.53503,1.193444,12.0,40.0,0.0,0.0,0.0,0.0,0.0,0.0,0.0,282.89304,0.0,0.0,0.0,0.0,0.0
0.0,0.0,0.0,0.0,0.0,0.0,0.0,0.0,0.0,0.0,0.0,0.0,0.0,0.0,63.991837,-22.605425,-9999.0,0.0,0.424,180.01839,0.0,0.0,0.0,0.0,0.0,281.53503,1.193444,12.0,40.0,0.0,0.0,0.0,0.0,0.0,0.0,0.0,282.89304,0.0,0.0,0.0,0.0,0.0
0.0,0.0,0.0,0.0,0.0,0.0,0.0,0.0,0.0,0.0,0.0,0.0,0.0,0.0,63.991837,-22.605425,-9999.0,0.0,0.424,180.01839,0.0,0.0,0.0,0.0,0.0,281.53503,1.193444,12.0,40.0,0.0,0.0,0.0,0.0,0.0,0.0,0.0,282.89304,0.0,0.0,0.0,0.0,0.0
0.0,0.0,0.0,0.0,0.0,0.0,0.0,0.0,0.0,0.0,0.0,0.0,0.0,0.0,63.991837,-22.605425,-9999.0,0.0,0.424,180.01839,0.0,0.0,0.0,0.0,0.0,281.53503,1.193444,12.0,40.0,0.0,0.0,0.0,0.0,0.0,0.0,0.0,282.89304,0.0,0.0,0.0,0.0,0.0
0.0,0.0,0.0,0.0,0.0,0.0,0.0,0.0,0.0,0.0,0.0,0.0,0.0,0.0,63.991837,-22.605425,-9999.0,0.0,0.424,180.01839,0.0,0.0,0.0,0.0,0.0,281.53503,1.193444,12.0,40.0,0.0,0.0,0.0,0.0,0.0,0.0,0.0,282.89304,0.0,0.0,0.0,0.0,0.0
0.0,0.0,0.0,0.0,0.0,0.0,0.0,0.0,0.0,0.0,0.0,0.0,0.0,0.0,63.991837,-22.605425,-9999.0,0.0,0.424,180.01839,0.0,0.0,0.0,0.0,0.0,281.53503,1.193444,12.0,40.0,0.0,0.0,0.0,0.0,0.0,0.0,0.0,282.89304,0.0,0.0,0.0,0.0,0.0
0.0,0.0,0.0,0.0,0.0,0.0,0.0,0.0,0.0,0.0,0.0,0.0,0.0,0.0,63.991837,-22.605425,-9999.0,0.0,0.424,180.01839,0.0,0.0,0.0,0.0,0.0,281.53503,1.193444,12.0,40.0,0.0,0.0,0.0,0.0,0.0,0.0,0.0,282.89304,0.0,0.0,0.0,0.0,0.0
0.0,0.0,0.0,0.0,0.0,0.0,0.0,0.0,0.0,0.0,0.0,0.0,0.0,0.0,63.991837,-22.605425,-9999.0,0.0,0.424,180.01839,0.0,0.0,0.0,0.0,0.0,281.53503,1.193444,12.0,40.0,0.0,0.0,0.0,0.0,0.0,0.0,0.0,282.89304,0.0,0.0,0.0,0.0,0.0
0.0,0.0,0.0,0.0,0.0,0.0,0.0,0.0,0.0,0.0,0.0,0.0,0.0,0.0,63.991837,-22.605425,-9999.0,0.0,0.424,180.01839,0.0,0.0,0.0,0.0,0.0,281.53503,1.193444,12.0,40.0,0.0,0.0,0.0,0.0,0.0,0.0,0.0,282.89304,0.0,0.0,0.0,0.0,0.0
0.0,0.0,0.0,0.0,0.0,0.0,0.0,0.0,0.0,0.0,0.0,0.0,0.0,0.0,63.991837,-22.605425,-9999.0,0.0,0.424,180.01839,0.0,0.0,0.0,0.0,0.0,281.53503,1.193444,12.0,40.0,0.0,0.0,0.0,0.0,0.0,0.0,0.0,282.89304,0.0,0.0,0.0,0.0,0.0
0.0,0.0,0.0,0.0,0.0,0.0,0.0,0.0,0.0,0.0,0.0,0.0,0.0,0.0,63.991837,-22.605425,-9999.0,0.0,0.424,180.01839,0.0,0.0,0.0,0.0,0.0,281.53503,1.193444,12.0,40.0,0.0,0.0,0.0,0.0,0.0,0.0,0.0,282.89304,0.0,0.0,0.0,0.0,0.0
0.0,0.0,0.0,0.0,0.0,0.0,0.0,0.0,0.0,0.0,0.0,0.0,0.0,0.0,63.991837,-22.605425,-9999.0,0.0,0.424,180.01839,0.0,0.0,0.0,0.0,0.0,281.53503,1.193444,12.0,40.0,0.0,0.0,0.0,0.0,0.0,0.0,0.0,282.89304,0.0,0.0,0.0,0.0,0.0
0.0,0.0,0.0,0.0,0.0,0.0,0.0,0.0,0.0,0.0,0.0,0.0,0.0,0.0,63.991837,-22.605425,-9999.0,0.0,0.424,180.01839,0.0,0.0,0.0,0.0,0.0,281.53503,1.193444,12.0,40.0,0.0,0.0,0.0,0.0,0.0,0.0,0.0,282.89304,0.0,0.0,0.0,0.0,0.0
0.0,0.0,0.0,0.0,0.0,0.0,0.0,0.0,0.0,0.0,0.0,0.0,0.0,0.0,63.991837,-22.605425,-9999.0,0.0,0.424,180.01839,0.0,0.0,0.0,0.0,0.0,281.53503,1.193444,12.0,40.0,0.0,0.0,0.0,0.0,0.0,0.0,0.0,282.89304,0.0,0.0,0.0,0.0,0.0
0.0,0.0,0.0,0.0,0.0,0.0,0.0,0.0,0.0,0.0,0.0,0.0,0.0,0.0,63.991837,-22.605425,-9999.0,0.0,0.424,180.01839,0.0,0.0,0.0,0.0,0.0,281.53503,1.193444,12.0,40.0,0.0,0.0,0.0,0.0,0.0,0.0,0.0,282.89304,0.0,0.0,0.0,0.0,0.0
0.0,0.0,0.0,0.0,0.0,0.0,0.0,0.0,0.0,0.0,0.0,0.0,0.0,0.0,63.991837,-22.605425,-9999.0,0.0,0.424,180.01839,0.0,0.0,0.0,0.0,0.0,281.53503,1.193444,12.0,40.0,0.0,0.0,0.0,0.0,0.0,0.0,0.0,282.89304,0.0,0.0,0.0,0.0,0.0
0.0,0.0,0.0,0.0,0.0,0.0,0.0,0.0,0.0,0.0,0.0,0.0,0.0,0.0,63.991837,-22.605425,-9999.0,0.0,0.424,180.01839,0.0,0.0,0.0,0.0,0.0,281.53503,1.193444,12.0,40.0,0.0,0.0,0.0,0.0,0.0,0.0,0.0,282.89304,0.0,0.0,0.0,0.0,0.0
0.0,0.0,0.0,0.0,0.0,0.0,0.0,0.0,0.0,0.0,0.0,0.0,0.0,0.0,63.991837,-22.605425,-9999.0,0.0,0.424,180.01839,0.0,0.0,0.0,0.0,0.0,281.53503,1.193444,12.0,40.0,0.0,0.0,0.0,0.0,0.0,0.0,0.0,282.89304,0.0,0.0,0.0,0.0,0.0
0.0,0.0,0.0,0.0,0.0,0.0,0.0,0.0,0.0,0.0,0.0,0.0,0.0,0.0,63.991837,-22.605425,-9999.0,0.0,0.424,180.01839,0.0,0.0,0.0,0.0,0.0,281.53503,1.193444,12.0,40.0,0.0,0.0,0.0,0.0,0.0,0.0,0.0,282.89304,0.0,0.0,0.0,0.0,0.0
0.0,0.0,0.0,0.0,0.0,0.0,0.0,0.0,0.0,0.0,0.0,0.0,0.0,0.0,63.991837,-22.605425,-9999.0,0.0,0.424,180.01839,0.0,0.0,0.0,0.0,0.0,281.53503,1.193444,12.0,40.0,0.0,0.0,0.0,0.0,0.0,0.0,0.0,282.89304,0.0,0.0,0.0,0.0,0.0
0.0,0.0,0.0,0.0,0.0,0.0,0.0,0.0,0.0,0.0,0.0,0.0,0.0,0.0,63.991837,-22.605425,-9999.0,0.0,0.424,180.01839,0.0,0.0,0.0,0.0,0.0,281.53503,1.193444,12.0,40.0,0.0,0.0,0.0,0.0,0.0,0.0,0.0,282.89304,0.0,0.0,0.0,0.0,0.0
0.0,0.0,0.0,0.0,0.0,0.0,0.0,0.0,0.0,0.0,0.0,0.0,0.0,0.0,63.991837,-22.605425,-9999.0,0.0,0.424,180.01839,0.0,0.0,0.0,0.0,0.0,281.53503,1.193444,12.0,40.0,0.0,0.0,0.0,0.0,0.0,0.0,0.0,282.89304,0.0,0.0,0.0,0.0,0.0
0.0,0.0,0.0,0.0,0.0,0.0,0.0,0.0,0.0,0.0,0.0,0.0,0.0,0.0,63.991837,-22.605425,-9999.0,0.0,0.424,180.01839,0.0,0.0,0.0,0.0,0.0,281.53503,1.193444,12.0,40.0,0.0,0.0,0.0,0.0,0.0,0.0,0.0,282.89304,0.0,0.0,0.0,0.0,0.0
0.0,0.0,0.0,0.0,0.0,0.0,0.0,0.0,0.0,0.0,0.0,0.0,0.0,0.0,63.991837,-22.605425,-9999.0,0.0,0.424,180.01839,0.0,0.0,0.0,0.0,0.0,281.53503,1.193444,12.0,40.0,0.0,0.0,0.0,0.0,0.0,0.0,0.0,282.89304,0.0,0.0,0.0,0.0,0.0
0.0,0.0,0.0,0.0,0.0,0.0,0.0,0.0,0.0,0.0,0.0,0.0,0.0,0.0,63.991837,-22.605425,-9999.0,0.0,0.424,180.01839,0.0,0.0,0.0,0.0,0.0,281.53503,1.193444,12.0,40.0,0.0,0.0,0.0,0.0,0.0,0.0,0.0,282.89304,0.0,0.0,0.0,0.0,0.0
0.0,0.0,0.0,0.0,0.0,0.0,0.0,0.0,0.0,0.0,0.0,0.0,0.0,0.0,63.991837,-22.605425,-9999.0,0.0,0.424,180.01839,0.0,0.0,0.0,0.0,0.0,281.53503,1.193444,12.0,40.0,0.0,0.0,0.0,0.0,0.0,0.0,0.0,282.89304,0.0,0.0,0.0,0.0,0.0
0.0,0.0,0.0,0.0,0.0,0.0,0.0,0.0,0.0,0.0,0.0,0.0,0.0,0.0,63.991837,-22.605425,-9999.0,0.0,0.424,180.01839,0.0,0.0,0.0,0.0,0.0,281.53503,1.193444,12.0,40.0,0.0,0.0,0.0,0.0,0.0,0.0,0.0,282.89304,0.0,0.0,0.0,0.0,0.0
0.0,0.0,0.0,0.0,0.0,0.0,0.0,0.0,0.0,0.0,0.0,0.0,0.0,0.0,63.991837,-22.605425,-9999.0,0.0,0.424,180.01839,0.0,0.0,0.0,0.0,0.0,281.53503,1.193444,12.0,40.0,0.0,0.0,0.0,0.0,0.0,0.0,0.0,282.89304,0.0,0.0,0.0,0.0,0.0
0.0,0.0,0.0,0.0,0.0,0.0,0.0,0.0,0.0,0.0,0.0,0.0,0.0,0.0,63.991837,-22.605425,-9999.0,0.0,0.424,180.01839,0.0,0.0,0.0,0.0,0.0,281.53503,1.193444,12.0,40.0,0.0,0.0,0.0,0.0,0.0,0.0,0.0,282.89304,0.0,0.0,0.0,0.0,0.0
0.0,0.0,0.0,0.0,0.0,0.0,0.0,0.0,0.0,0.0,0.0,0.0,0.0,0.0,63.991837,-22.605425,-9999.0,0.0,0.424,180.01839,0.0,0.0,0.0,0.0,0.0,281.53503,1.193444,12.0,40.0,0.0,0.0,0.0,0.0,0.0,0.0,0.0,282.89304,0.0,0.0,0.0,0.0,0.0
0.0,0.0,0.0,0.0,0.0,0.0,0.0,0.0,0.0,0.0,0.0,0.0,0.0,0.0,63.991837,-22.605425,-9999.0,0.0,0.424,180.01839,0.0,0.0,0.0,0.0,0.0,281.53503,1.193444,12.0,40.0,0.0,0.0,0.0,0.0,0.0,0.0,0.0,282.89304,0.0,0.0,0.0,0.0,0.0
0.0,0.0,0.0,0.0,0.0,0.0,0.0,0.0,0.0,0.0,0.0,0.0,0.0,0.0,63.991837,-22.605425,-9999.0,0.0,0.424,180.01839,0.0,0.0,0.0,0.0,0.0,281.53503,1.193444,12.0,40.0,0.0,0.0,0.0,0.0,0.0,0.0,0.0,282.89304,0.0,0.0,0.0,0.0,0.0
0.0,0.0,0.0,0.0,0.0,0.0,0.0,0.0,0.0,0.0,0.0,0.0,0.0,0.0,63.991837,-22.605425,-9999.0,0.0,0.424,180.01839,0.0,0.0,0.0,0.0,0.0,281.53503,1.193444,12.0,40.0,0.0,0.0,0.0,0.0,0.0,0.0,0.0,282.89304,0.0,0.0,0.0,0.0,0.0
0.0,0.0,0.0,0.0,0.0,0.0,0.0,0.0,0.0,0.0,0.0,0.0,0.0,0.0,63.991837,-22.605425,-9999.0,0.0,0.424,180.01839,0.0,0.0,0.0,0.0,0.0,281.53503,1.193444,12.0,40.0,0.0,0.0,0.0,0.0,0.0,0.0,0.0,282.89304,0.0,0.0,0.0,0.0,0.0
0.0,0.0,0.0,0.0,0.0,0.0,0.0,0.0,0.0,0.0,0.0,0.0,0.0,0.0,63.991837,-22.605425,-9999.0,0.0,0.424,180.01839,0.0,0.0,0.0,0.0,0.0,281.53503,1.193444,12.0,40.0,0.0,0.0,0.0,0.0,0.0,0.0,0.0,282.89304,0.0,0.0,0.0,0.0,0.0
0.0,0.0,0.0,0.0,0.0,0.0,0.0,0.0,0.0,0.0,0.0,0.0,0.0,0.0,63.991837,-22.605425,-9999.0,0.0,0.424,180.01839,0.0,0.0,0.0,0.0,0.0,281.53503,1.193444,12.0,40.0,0.0,0.0,0.0,0.0,0.0,0.0,0.0,282.89304,0.0,0.0,0.0,0.0,0.0
0.0,0.0,0.0,0.0,0.0,0.0,0.0,0.0,0.0,0.0,0.0,0.0,0.0,0.0,63.991837,-22.605425,-9999.0,0.0,0.424,180.01839,0.0,0.0,0.0,0.0,0.0,281.53503,1.193444,12.0,40.0,0.0,0.0,0.0,0.0,0.0,0.0,0.0,282.89304,0.0,0.0,0.0,0.0,0.0
0.0,0.0,0.0,0.0,0.0,0.0,0.0,0.0,0.0,0.0,0.0,0.0,0.0,0.0,63.991837,-22.605425,-9999.0,0.0,0.424,180.01839,0.0,0.0,0.0,0.0,0.0,281.53503,1.193444,12.0,40.0,0.0,0.0,0.0,0.0,0.0,0.0,0.0,282.89304,0.0,0.0,0.0,0.0,0.0
0.0,0.0,0.0,0.0,0.0,0.0,0.0,0.0,0.0,0.0,0.0,0.0,0.0,0.0,63.991837,-22.605425,-9999.0,0.0,0.424,180.01839,0.0,0.0,0.0,0.0,0.0,281.53503,1.193444,12.0,40.0,0.0,0.0,0.0,0.0,0.0,0.0,0.0,282.89304,0.0,0.0,0.0,0.0,0.0
0.0,0.0,0.0,0.0,0.0,0.0,0.0,0.0,0.0,0.0,0.0,0.0,0.0,0.0,63.991837,-22.605425,-9999.0,0.0,0.424,180.01839,0.0,0.0,0.0,0.0,0.0,281.53503,1.193444,12.0,40.0,0.0,0.0,0.0,0.0,0.0,0.0,0.0,282.89304,0.0,0.0,0.0,0.0,0.0
0.0,0.0,0.0,0.0,0.0,0.0,0.0,0.0,0.0,0.0,0.0,0.0,0.0,0.0,63.991837,-22.605425,-9999.0,0.0,0.424,180.01839,0.0,0.0,0.0,0.0,0.0,281.53503,1.193444,12.0,40.0,0.0,0.0,0.0,0.0,0.0,0.0,0.0,282.89304,0.0,0.0,0.0,0.0,0.0
0.0,0.0,0.0,0.0,0.0,0.0,0.0,0.0,0.0,0.0,0.0,0.0,0.0,0.0,63.991837,-22.605427,146.22931,0.104756,4.954411,180.01334,0.0,0.0,0.0,0.0,0.0,281.53503,1.193444,12.0,40.0,0.0,0.0,0.0,0.0,0.0,0.0,0.0,282.89304,0.0,0.0,0.0,0.0,0.0
0.0,0.0,0.0,0.0,0.0,0.0,0.0,0.0,0.0,0.0,0.0,0.0,0.0,0.0,63.991837,-22.605427,146.22928,0.099637,4.963372,180.01294,89.84608,3.011645,-9.27E-4,-4.0E-6,0.0,415.3555,135.01393,12.0,40.0,0.0,0.0,100.00013,100.0,146.22928,7.6E-5,-0.011338,282.893,359.19577,-0.00363,-0.257187,3957.6296,0.0
0.0,0.0,0.0,0.0,0.0,0.0,0.0,0.0,0.0,0.0,0.0,0.0,0.0,0.0,63.991837,-22.605427,146.22928,0.099055,4.964665,180.0129,89.90041,3.004355,-0.03123,-1.24E-4,0.0,418.76556,138.42398,12.0,40.0,0.0,0.0,110.00013,110.0,146.22928,7.6E-5,-0.045722,282.893,359.00516,-0.004012,-0.285105,3985.7185,0.0
0.0,0.0,0.0,0.0,0.0,0.0,0.0,0.0,0.0,0.0,0.0,0.0,0.0,0.0,63.991837,-22.605427,146.22952,0.095031,4.952248,180.01256,85.324646,2.791126,0.137466,7.2E-5,0.0,408.71082,128.36922,12.0,40.0,0.0,0.0,130.00014,130.0,146.22952,6.5E-5,0.007112,282.893,344.44122,-0.010578,-0.985256,3000.714,0.0
0.0,0.0,0.0,0.0,0.0,0.0,0.0,0.0,0.0,0.0,0.0,0.0,0.0,0.0,63.991837,-22.605427,146.22954,0.095099,4.951177,180.01256,83.883484,2.733633,0.175291,3.9E-5,5.383477,404.05972,123.718124,12.0,40.0,0.0,0.0,130.00014,130.0,146.22954,6.2E-5,0.003254,282.893,337.49857,-0.011645,-1.141085,2663.4478,0.0
0.0,0.0,0.0,0.0,0.0,0.0,0.0,0.0,0.0,0.0,0.0,0.0,0.0,0.0,63.991837,-22.605427,146.22954,0.095195,4.950943,180.01257,83.25475,2.709835,0.063221,1.0E-5,6.659672,402.10748,121.76589,12.0,40.0,0.0,0.0,120.000145,120.0,146.22954,6.1E-5,0.002214,282.893,334.24234,-0.012107,-1.202087,2516.4963,0.0
0.0,0.0,0.0,0.0,0.0,0.0,0.0,0.0,0.0,0.0,0.0,0.0,0.0,0.0,63.991837,-22.605427,146.22954,0.095348,4.950781,180.01257,82.555954,2.684254,0.045946,7.0E-6,7.219659,399.5218,119.180214,12.0,40.0,0.0,0.0,120.000145,120.0,146.22954,6.0E-5,-6.71E-4,282.893,330.48868,-0.012537,-1.265516,2340.6453,0.0
0.0,0.0,0.0,0.0,0.0,0.0,0.0,0.0,0.0,0.0,0.0,0.0,0.0,0.0,63.991837,-22.605427,146.22954,0.095539,4.9507,180.01259,81.78362,2.656993,0.022617,3.0E-6,7.334324,396.5517,116.210106,12.0,40.0,0.0,0.0,120.000145,120.0,146.22954,5.9E-5,0.00151,282.893,326.1981,-0.01293,-1.330738,2139.052,0.0
0.0,0.0,0.0,0.0,0.0,0.0,0.0,0.0,0.0,0.0,0.0,0.0,0.0,0.0,63.991837,-22.605427,146.22954,0.095744,4.950675,180.0126,81.11743,2.634317,0.017333,3.0E-6,7.402748,393.96185,113.62027,12.0,40.0,0.0,0.0,120.000145,120.0,146.22954,5.7E-5,-2.68E-4,282.893,322.39633,-0.013277,-1.383226,1959.3601,0.0
0.0,0.0,0.0,0.0,0.0,0.0,0.0,0.0,0.0,0.0,0.0,0.0,0.0,0.0,63.991837,-22.605427,146.22954,0.095988,4.950678,180.01263,80.37752,2.609971,-0.108036,-1.8E-5,7.42013,391.14673,110.80516,12.0,40.0,0.0,0.0,110.000145,110.0,146.22954,5.6E-5,-9.73E-4,282.893,318.08136,-0.013611,-1.437803,1754.451,0.0
0.0,0.0,0.0,0.0,0.0,0.0,0.0,0.0,0.0,0.0,0.0,0.0,0.0,0.0,63.991837,-22.605427,146.22954,0.096242,4.950724,180.01265,79.56026,2.584103,-0.119243,-2.1E-5,7.476986,388.0723,107.730705,12.0,40.0,0.0,0.0,110.000145,110.0,146.22954,5.5E-5,-0.001543,282.893,313.22305,-0.013915,-1.493922,1517.1273,0.0
0.0,0.0,0.0,0.0,0.0,0.0,0.0,0.0,0.0,0.0,0.0,0.0,0.0,0.0,63.991837,-22.605427,146.22954,0.096485,4.950788,180.01266,78.7912,2.560701,-0.121001,-2.2E-5,7.476013,385.23102,104.88943,12.0,40.0,0.0,0.0,110.000145,110.0,146.22954,5.4E-5,-0.001677,282.893,308.58173,-0.014192,-1.543089,1278.8136,0.0
0.0,0.0,0.0,0.0,0.0,0.0,0.0,0.0,0.0,0.0,0.0,0.0,0.0,0.0,63.991837,-22.605427,146.22954,0.096715,4.950857,180.01268,78.0738,2.53966,-0.120072,-2.3E-5,7.437403,382.62332,102.28175,12.0,40.0,0.0,0.0,100.000145,100.0,146.22954,5.3E-5,-0.001946,282.893,304.20578,-0.014447,-1.586045,1035.1166,0.0
0.0,0.0,0.0,0.0,0.0,0.0,0.0,0.0,0.0,0.0,0.0,0.0,0.0,0.0,63.991837,-22.605427,146.2295,0.099033,4.95164,180.01288,72.27311,2.394586,-0.061422,-5.0E-6,0.002149,360.5423,80.20072,12.0,40.0,0.0,0.0,80.000145,80.0,146.2295,4.6E-5,-6.04E-4,282.893,268.41364,-0.015879,-1.853725,-723.00635,0.0
0.0,0.0,0.0,0.0,0.0,0.0,0.0,0.0,0.0,0.0,0.0,0.0,0.0,0.0,63.991837,-22.605427,146.2295,0.099163,4.951676,180.01288,71.227585,2.372715,-0.102549,-9.0E-6,5.779473,358.9051,78.563515,12.0,40.0,0.0,0.0,80.000145,80.0,146.2295,4.5E-5,-9.73E-4,282.893,262.0643,-0.016011,-1.89042,-741.72516,0.0
0.0,0.0,0.0,0.0,0.0,0.0,0.0,0.0,0.0,0.0,0.0,0.0,0.0,0.0,63.991837,-22.605427,146.2295,0.099281,4.951708,180.0129,70.39278,2.356097,-0.115633,-1.2E-5,6.860965,356.83182,76.49023,12.0,40.0,0.0,0.0,80.000145,80.0,146.2295,4.4E-5,-0.001141,282.893,257.04617,-0.016129,-1.917784,-814.2447,0.0
0.0,0.0,0.0,0.0,0.0,0.0,0.0,0.0,0.0,0.0,0.0,0.0,0.0,0.0,63.991837,-22.605427,146.2295,0.099444,4.951757,180.01291,69.39108,2.337104,-0.267632,-3.1E-5,7.259378,353.98178,73.64018,12.0,40.0,0.0,0.0,80.000145,80.0,146.2295,4.3E-5,-0.001208,282.893,251.09544,-0.016241,-1.948544,-909.57825,0.0
0.0,0.0,0.0,0.0,0.0,0.0,0.0,0.0,0.0,0.0,0.0,0.0,0.0,0.0,63.991837,-22.605427,146.22949,0.099577,4.951815,180.01291,68.5309,2.321593,-0.240863,-2.8E-5,7.432458,351.4356,71.09403,12.0,40.0,0.0,0.0,70.000145,70.0,146.22949,4.3E-5,-0.002147,282.893,246.05315,-0.016352,-1.973299,-983.31836,0.0
0.0,0.0,0.0,0.0,0.0,0.0,0.0,0.0,0.0,0.0,0.0,0.0,0.0,0.0,63.991837,-22.605427,146.22949,0.09974,4.951897,180.01292,67.49956,2.303955,-0.20632,-2.6E-5,7.472978,348.37308,68.031494,12.0,40.0,0.0,0.0,70.000145,70.0,146.22949,4.2E-5,-0.001879,282.893,240.098,-0.01645,-2.001127,-1058.8326,0.0
0.0,0.0,0.0,0.0,0.0,0.0,0.0,0.0,0.0,0.0,0.0,0.0,0.0,0.0,63.991837,-22.605427,146.22949,0.099892,4.951968,180.01294,66.61461,2.289629,-0.065437,-9.0E-6,7.448897,345.79138,65.44981,12.0,40.0,0.0,0.0,70.000145,70.0,146.22949,4.1E-5,-0.001644,282.893,235.07204,-0.016536,-2.023521,-1112.5084,0.0
0.0,0.0,0.0,0.0,0.0,0.0,0.0,0.0,0.0,0.0,0.0,0.0,0.0,0.0,63.991837,-22.605427,146.22949,0.1001,4.952039,180.01295,65.554565,2.273403,-0.083878,-1.2E-5,7.490903,342.7225,62.380913,12.0,40.0,0.0,0.0,60.00014,60.0,146.22949,4.0E-5,-0.001208,282.893,229.1594,-0.016624,-2.048695,-1168.282,0.0
0.0,0.0,0.0,0.0,0.0,0.0,0.0,0.0,0.0,0.0,0.0,0.0,0.0,0.0,63.991837,-22.605427,146.22949,0.100292,4.952101,180.01297,64.56282,2.25912,-0.094401,-1.3E-5,7.498723,339.89465,59.553078,12.0,40.0,0.0,0.0,60.00014,60.0,146.22949,3.9E-5,-0.001208,282.893,223.7384,-0.016707,-2.07075,-1212.8098,0.0
0.0,0.0,0.0,0.0,0.0,0.0,0.0,0.0,0.0,0.0,0.0,0.0,0.0,0.0,63.991837,-22.605427,146.22948,0.100469,4.952166,180.01299,63.558716,2.245508,-0.205677,-2.6E-5,7.475279,337.07697,56.73537,12.0,40.0,0.0,0.0,60.00014,60.0,146.22948,3.8E-5,-0.002214,282.893,218.36308,-0.016794,-2.091727,-1251.6471,0.0
0.0,0.0,0.0,0.0,0.0,0.0,0.0,0.0,0.0,0.0,0.0,0.0,0.0,0.0,63.991837,-22.605427,146.22948,0.100627,4.952241,180.013,62.54271,2.232606,-0.191136,-2.4E-5,7.466693,334.2514,53.90983,12.0,40.0,0.0,0.0,60.00014,60.0,146.22948,3.8E-5,-0.001811,282.893,213.0432,-0.016865,-2.11168,-1286.5919,0.0
0.0,0.0,0.0,0.0,0.0,0.0,0.0,0.0,0.0,0.0,0.0,0.0,0.0,0.0,63.991837,-22.605427,146.22948,0.10079,4.952315,180.01302,61.515167,2.220426,-0.066476,-9.0E-6,7.515515,331.40533,51.06375,12.0,40.0,0.0,0.0,50.00014,50.0,146.22948,3.7E-5,-6.71E-4,282.893,207.7882,-0.01693,-2.130657,-1318.8677,0.0
0.0,0.0,0.0,0.0,0.0,0.0,0.0,0.0,0.0,0.0,0.0,0.0,0.0,0.0,63.991837,-22.605427,146.22948,0.100971,4.952375,180.01303,60.476475,2.208959,-0.066614,-9.0E-6,7.467961,328.58078,48.23921,12.0,40.0,0.0,0.0,50.00014,50.0,146.22948,3.6E-5,-8.39E-4,282.893,202.60718,-0.016992,-2.148707,-1346.9331,0.0
0.0,0.0,0.0,0.0,0.0,0.0,0.0,0.0,0.0,0.0,0.0,0.0,0.0,0.0,63.991837,-22.605427,146.22948,0.10113,4.952437,180.01305,59.427265,2.198209,-0.185093,-2.1E-5,7.600675,325.73367,45.392097,12.0,40.0,0.0,0.0,50.00014,50.0,146.22948,3.5E-5,-0.001744,282.893,197.50897,-0.017062,-2.165874,-1373.3501,0.0
0.0,0.0,0.0,0.0,0.0,0.0,0.0,0.0,0.0,0.0,0.0,0.0,0.0,0.0,63.991837,-22.605427,146.22948,0.101276,4.952505,180.01305,58.368126,2.188215,-0.162992,-1.8E-5,7.580309,322.90665,42.565052,12.0,40.0,0.0,0.0,50.00014,50.0,146.22948,3.5E-5,-0.00151,282.893,192.50201,-0.01712,-2.182203,-1396.4456,0.0
0.0,0.0,0.0,0.0,0.0,0.0,0.0,0.0,0.0,0.0,0.0,0.0,0.0,0.0,63.991837,-22.605427,146.22946,0.10142,4.95257,180.01306,57.299576,2.178977,-0.144801,-1.6E-5,7.586745,320.07654,39.734947,12.0,40.0,0.0,0.0,40.00014,40.0,146.22946,3.4E-5,-0.001442,282.893,187.59445,-0.017175,-2.197734,-1417.6075,0.0
0.0,0.0,0.0,0.0,0.0,0.0,0.0,0.0,0.0,0.0,0.0,0.0,0.0,0.0,63.991837,-22.605427,146.22946,0.101563,4.952632,180.01308,56.22226,2.170502,-0.13305,-1.5E-5,7.623242,317.22998,36.8884,12.0,40.0,0.0,0.0,40.00014,40.0,146.22946,3.3E-5,-0.001275,282.893,182.79402,-0.017228,-2.212506,-1437.6421,0.0
0.0,0.0,0.0,0.0,0.0,0.0,0.0,0.0,0.0,0.0,0.0,0.0,0.0,0.0,63.991837,-22.605427,146.22946,0.101697,4.952684,180.01309,55.22763,2.163422,-0.00342,-0.0,7.630545,314.6334,34.291798,12.0,40.0,0.0,0.0,40.00014,40.0,146.22946,3.3E-5,-1.34E-4,282.893,178.49405,-0.017269,-2.225411,-1453.9846,0.0
0.0,0.0,0.0,0.0,0.0,0.0,0.0,0.0,0.0,0.0,0.0,0.0,0.0,0.0,63.991837,-22.605427,146.22946,0.101861,4.952726,180.01309,54.13536,2.156438,-0.011484,-1.0E-6,7.533566,311.70413,31.362553,12.0,40.0,0.0,0.0,30.000143,30.0,146.22946,3.2E-5,-3.69E-4,282.893,173.91928,-0.017318,-2.23883,-1474.2941,0.0
0.0,0.0,0.0,0.0,0.0,0.0,0.0,0.0,0.0,0.0,0.0,0.0,0.0,0.0,63.991837,-22.605427,146.22946,0.101998,4.952771,180.0131,53.036293,2.150226,-0.147718,-1.4E-5,7.578624,308.92526,28.583689,12.0,40.0,0.0,0.0,30.000143,30.0,146.22946,3.2E-5,-0.001208,282.893,169.47215,-0.017373,-2.251594,-1486.8336,0.0
0.0,0.0,0.0,0.0,0.0,0.0,0.0,0.0,0.0,0.0,0.0,0.0,0.0,0.0,63.991837,-22.605427,146.22946,0.10212,4.952821,180.01312,51.93135,2.144822,-0.125472,-1.2E-5,7.578106,306.11487,25.773293,12.0,40.0,0.0,0.0,30.000143,30.0,146.22946,3.1E-5,-0.00104,282.893,165.15895,-0.017416,-2.263733,-1499.669,0.0
0.0,0.0,0.0,0.0,0.0,0.0,0.0,0.0,0.0,0.0,0.0,0.0,0.0,0.0,63.991837,-22.605427,146.22946,0.102251,4.952876,180.01312,50.728474,2.139874,-0.104768,-1.0E-5,7.478124,302.97543,22.633852,12.0,40.0,0.0,0.0,30.000143,30.0,146.22946,3.0E-5,-7.72E-4,282.893,160.64426,-0.017457,-2.276216,-1516.1588,0.0
0.0,0.0,0.0,0.0,0.0,0.0,0.0,0.0,0.0,0.0,0.0,0.0,0.0,0.0,63.991837,-22.605427,146.22946,0.102369,4.952923,180.01314,49.613552,2.136147,-0.087021,-8.0E-6,7.568061,300.19266,19.851078,12.0,40.0,0.0,0.0,20.000143,20.0,146.22946,3.0E-5,-7.72E-4,282.893,156.62852,-0.017495,-2.287152,-1525.6384,0.0
0.0,0.0,0.0,0.0,0.0,0.0,0.0,0.0,0.0,0.0,0.0,0.0,0.0,0.0,63.991837,-22.605427,146.22946,0.102476,4.952962,180.01315,48.588512,2.133451,0.057945,6.0E-6,7.608477,297.61868,17.277115,12.0,40.0,0.0,0.0,20.000143,20.0,146.22946,2.9E-5,8.05E-4,282.893,153.07982,-0.017527,-2.296707,-1534.6425,0.0
0.0,0.0,0.0,0.0,0.0,0.0,0.0,0.0,0.0,0.0,0.0,0.0,0.0,0.0,63.991837,-22.605427,146.22946,0.102612,4.952991,180.01315,47.467583,2.131287,0.061717,6.0E-6,7.628131,294.78638,14.444801,12.0,40.0,0.0,0.0,20.000143,20.0,146.22946,2.9E-5,1.34E-4,282.893,149.35727,-0.017561,-2.306642,-1544.7307,0.0
0.0,0.0,0.0,0.0,0.0,0.0,0.0,0.0,0.0,0.0,0.0,0.0,0.0,0.0,63.991837,-22.605427,146.22946,0.102739,4.953021,180.01317,46.251026,2.129846,-0.10199,-8.0E-6,7.679376,291.70502,11.363438,12.0,40.0,0.0,0.0,10.000142,10.0,146.22946,2.8E-5,-7.38E-4,282.893,145.50453,-0.017602,-2.316858,-1555.349,0.0
0.0,0.0,0.0,0.0,0.0,0.0,0.0,0.0,0.0,0.0,0.0,0.0,0.0,0.0,63.991837,-22.605427,146.22946,0.102829,4.953054,180.01317,45.220825,2.129387,-0.079024,-6.0E-6,7.640928,289.12006,8.778461,12.0,40.0,0.0,0.0,10.000142,10.0,146.22946,2.7E-5,-6.04E-4,282.893,142.39433,-0.017635,-2.325079,-1562.7909,0.0
0.0,0.0,0.0,0.0,0.0,0.0,0.0,0.0,0.0,0.0,0.0,0.0,0.0,0.0,63.991837,-22.605427,146.22946,0.102933,4.953094,180.01318,44.00327,2.129741,0.145158,1.2E-5,7.685511,286.04907,5.707483,12.0,40.0,0.0,0.0,10.000142,10.0,146.22946,2.7E-5,-7.72E-4,282.893,138.89958,-0.017659,-2.334321,-1571.5802,0.0
0.0,0.0,0.0,0.0,0.0,0.0,0.0,0.0,0.0,0.0,0.0,0.0,0.0,0.0,63.991837,-22.605427,146.22946,0.103039,4.953116,180.0132,42.973602,2.130791,0.112467,9.0E-6,7.663468,283.45654,3.114954,12.0,40.0,0.0,0.0,10.000142,10.0,146.22946,2.6E-5,3.02E-4,282.893,136.09831,-0.017686,-2.341758,-1578.2449,0.0
0.0,0.0,0.0,0.0,0.0,0.0,0.0,0.0,0.0,0.0,0.0,0.0,0.0,0.0,63.991837,-22.605427,146.22946,0.103149,4.953135,180.0132,41.85169,2.132706,-0.085801,-6.0E-6,7.705677,280.614,0.272428,12.0,40.0,0.0,0.0,1.42E-4,0.0,146.22946,2.6E-5,-6.7E-5,282.893,133.20787,-0.01772,-2.349491,-1585.5809,0.0
0.0,0.0,0.0,0.0,0.0,0.0,0.0,0.0,0.0,0.0,0.0,0.0,0.0,0.0,63.991837,-22.605427,146.22946,0.103232,4.953162,180.01321,40.732315,2.135441,-0.045961,-3.0E-6,7.672919,277.89923,-2.442344,12.0,40.0,0.0,0.0,1.42E-4,0.0,146.22946,2.5E-5,-3.35E-4,282.893,130.49239,-0.017751,-2.356847,-1592.0907,0.0
0.0,0.0,0.0,0.0,0.0,0.0,0.0,0.0,0.0,0.0,0.0,0.0,0.0,0.0,63.991837,-22.605427,146.22946,0.10331,4.953193,180.01321,39.616226,2.138994,-0.005061,-0.0,7.675877,275.19827,-5.143315,12.0,40.0,0.0,0.0,1.42E-4,0.0,146.22946,2.5E-5,-2.68E-4,282.893,127.953735,-0.017776,-2.363842,-1598.098,0.0
0.0,0.0,0.0,0.0,0.0,0.0,0.0,0.0,0.0,0.0,0.0,0.0,0.0,0.0,63.991837,-22.605427,146.22946,0.103395,4.953224,180.01321,38.411747,2.143756,0.035265,2.0E-6,7.688281,272.27484,-8.066746,12.0,40.0,0.0,0.0,-9.999858,-10.0,146.22946,2.4E-5,0.0,282.893,125.40486,-0.017802,-2.371036,-1604.0321,0.0
0.0,0.0,0.0,0.0,0.0,0.0,0.0,0.0,0.0,0.0,0.0,0.0,0.0,0.0,63.991837,-22.605427,146.22946,0.103472,4.953249,180.01323,37.305054,2.14899,0.076104,4.0E-6,7.726461,269.5677,-10.773897,12.0,40.0,0.0,0.0,-9.999858,-10.0,146.22946,2.4E-5,0.0,282.893,123.239105,-0.017826,-2.377339,-1609.4716,0.0
0.0,0.0,0.0,0.0,0.0,0.0,0.0,0.0,0.0,0.0,0.0,0.0,0.0,0.0,63.991837,-22.605427,146.22946,0.103548,4.953272,180.01323,36.204098,2.155021,0.110582,6.0E-6,7.750238,266.8607,-13.480882,12.0,40.0,0.0,0.0,-9.999858,-10.0,146.22946,2.3E-5,2.01E-4,282.893,121.25368,-0.017848,-2.383333,-1614.5421,0.0
0.0,0.0,0.0,0.0,0.0,0.0,0.0,0.0,0.0,0.0,0.0,0.0,0.0,0.0,63.991837,-22.605427,146.22946,0.103617,4.95329,180.01324,35.20058,2.161245,0.131491,7.0E-6,7.703463,264.38275,-15.95883,12.0,40.0,0.0,0.0,-9.999858,-10.0,146.22946,2.3E-5,2.35E-4,282.893,119.59242,-0.01787,-2.38857,-1618.7261,0.0
0.0,0.0,0.0,0.0,0.0,0.0,0.0,0.0,0.0,0.0,0.0,0.0,0.0,0.0,63.991837,-22.605427,146.22946,0.103696,4.953309,180.01324,34.022434,2.16945,0.175835,9.0E-6,7.749339,261.43723,-18.904345,12.0,40.0,0.0,0.0,-19.999857,-20.0,146.22946,2.2E-5,3.02E-4,282.893,117.824875,-0.017891,-2.394457,-1624.0219,0.0
0.0,0.0,0.0,0.0,0.0,0.0,0.0,0.0,0.0,0.0,0.0,0.0,0.0,0.0,63.991837,-22.605427,146.22946,0.103767,4.953323,180.01324,32.943157,2.177832,0.196491,1.0E-5,7.699508,258.74182,-21.59976,12.0,40.0,0.0,0.0,-19.999857,-20.0,146.22946,2.2E-5,4.7E-4,282.893,116.38114,-0.017911,-2.399615,-1627.6051,0.0
0.0,0.0,0.0,0.0,0.0,0.0,0.0,0.0,0.0,0.0,0.0,0.0,0.0,0.0,63.991837,-22.605427,146.22946,0.10383,4.953335,180.01326,31.961376,2.186189,0.230842,1.1E-5,7.69859,256.27457,-24.067015,12.0,40.0,0.0,0.0,-19.999857,-20.0,146.22946,2.2E-5,4.03E-4,282.893,115.215515,-0.017931,-2.404122,-1630.534,0.0
0.0,0.0,0.0,0.0,0.0,0.0,0.0,0.0,0.0,0.0,0.0,0.0,0.0,0.0,63.991837,-22.605427,146.22946,0.103897,4.953346,180.01326,30.899174,2.196033,0.269497,1.3E-5,7.773651,253.56313,-26.778463,12.0,40.0,0.0,0.0,-19.999857,-20.0,146.22946,2.1E-5,6.04E-4,282.893,114.11511,-0.01795,-2.408807,-1634.3328,0.0
0.0,0.0,0.0,0.0,0.0,0.0,0.0,0.0,0.0,0.0,0.0,0.0,0.0,0.0,63.991837,-22.605427,146.22946,0.103977,4.953353,180.01326,29.759687,2.20755,0.398761,2.6E-5,7.739646,250.64003,-29.701553,12.0,40.0,0.0,0.0,-29.999857,-30.0,146.22946,2.1E-5,0.001677,282.893,113.12303,-0.017962,-2.413625,-1637.5831,0.0
0.0,0.0,0.0,0.0,0.0,0.0,0.0,0.0,0.0,0.0,0.0,0.0,0.0,0.0,63.991837,-22.605427,146.22946,0.104064,4.953347,180.01328,28.718504,2.218942,0.399212,2.5E-5,7.787411,247.9319,-32.40968,12.0,40.0,0.0,0.0,-29.999857,-30.0,146.22946,2.0E-5,0.001342,282.893,112.39008,-0.01798,-2.417846,-1640.7736,0.0
0.0,0.0,0.0,0.0,0.0,0.0,0.0,0.0,0.0,0.0,0.0,0.0,0.0,0.0,63.991837,-22.605427,146.22946,0.104127,4.953346,180.01328,27.688068,2.231046,0.325387,1.2E-5,7.795714,245.22598,-35.115597,12.0,40.0,0.0,0.0,-29.999857,-30.0,146.22946,2.0E-5,5.03E-4,282.893,111.830574,-0.018007,-2.421861,-1643.6683,0.0
0.0,0.0,0.0,0.0,0.0,0.0,0.0,0.0,0.0,0.0,0.0,0.0,0.0,0.0,63.991837,-22.605427,146.22946,0.104177,4.953354,180.01328,26.669281,2.243875,0.385917,1.5E-5,7.797624,242.52351,-37.818066,12.0,40.0,0.0,0.0,-39.99986,-40.0,146.22946,1.9E-5,7.04E-4,282.893,111.44216,-0.018023,-2.42568,-1646.2286,0.0
0.0,0.0,0.0,0.0,0.0,0.0,0.0,0.0,0.0,0.0,0.0,0.0,0.0,0.0,63.991837,-22.605427,146.22946,0.104222,4.953362,180.01329,25.745802,2.256253,0.42276,1.6E-5,7.800724,240.0533,-40.288277,12.0,40.0,0.0,0.0,-39.99986,-40.0,146.22946,1.9E-5,9.06E-4,282.893,111.2342,-0.018038,-2.429016,-1648.1475,0.0
0.0,0.0,0.0,0.0,0.0,0.0,0.0,0.0,0.0,0.0,0.0,0.0,0.0,0.0,63.991837,-22.605427,146.22946,0.104277,4.953369,180.01329,24.667685,2.271629,0.45739,1.7E-5,7.775009,237.13138,-43.210213,12.0,40.0,0.0,0.0,-39.99986,-40.0,146.22946,1.9E-5,9.73E-4,282.893,111.16789,-0.018053,-2.432766,-1650.3405,0.0
0.0,0.0,0.0,0.0,0.0,0.0,0.0,0.0,0.0,0.0,0.0,0.0,0.0,0.0,63.991837,-22.605427,146.22948,0.104327,4.953373,180.01329,23.685644,2.286527,0.516213,2.0E-5,7.821113,234.43526,-45.906334,12.0,40.0,0.0,0.0,-39.99986,-40.0,146.22948,1.8E-5,0.001073,282.893,111.275955,-0.018067,-2.436052,-1652.1934,0.0
0.0,0.0,0.0,0.0,0.0,0.0,0.0,0.0,0.0,0.0,0.0,0.0,0.0,0.0,63.991837,-22.605427,146.22948,0.104377,4.953375,180.0133,22.716558,2.302089,0.533846,2.1E-5,7.805133,231.73596,-48.60563,12.0,40.0,0.0,0.0,-49.99986,-50.0,146.22948,1.8E-5,0.001208,282.893,111.543,-0.018081,-2.439177,-1654.0419,0.0
0.0,0.0,0.0,0.0,0.0,0.0,0.0,0.0,0.0,0.0,0.0,0.0,0.0,0.0,63.991837,-22.605427,146.22948,0.104422,4.953375,180.0133,21.839859,2.316925,0.577018,2.2E-5,7.800846,229.26863,-51.072956,12.0,40.0,0.0,0.0,-49.99986,-50.0,146.22948,1.8E-5,0.001208,282.893,111.9243,-0.018094,-2.441907,-1655.3489,0.0
0.0,0.0,0.0,0.0,0.0,0.0,0.0,0.0,0.0,0.0,0.0,0.0,0.0,0.0,63.991837,-22.605427,146.22948,0.104475,4.953373,180.0133,20.818472,2.335152,0.649204,3.2E-5,7.834106,226.33977,-54.001816,12.0,40.0,0.0,0.0,-49.99986,-50.0,146.22948,1.7E-5,0.00322,282.893,112.539055,-0.018107,-2.444977,-1657.2931,0.0
0.0,0.0,0.0,0.0,0.0,0.0,0.0,0.0,0.0,0.0,0.0,0.0,0.0,0.0,63.991837,-22.605427,146.22948,0.104545,4.953359,180.0133,19.889936,2.35263,0.605173,3.6E-5,7.828455,223.64485,-56.696735,12.0,40.0,0.0,0.0,-49.99986,-50.0,146.22948,1.7E-5,0.00208,282.893,113.26002,-0.018115,-2.447666,-1658.6263,0.0
0.0,0.0,0.0,0.0,0.0,0.0,0.0,0.0,0.0,0.0,0.0,0.0,0.0,0.0,63.991837,-22.605427,146.22948,0.104619,4.953341,180.01332,18.975266,2.37071,0.569345,3.5E-5,7.878032,220.92123,-59.420345,12.0,40.0,0.0,0.0,-59.99986,-60.0,146.22948,1.7E-5,0.002147,282.893,114.123886,-0.018127,-2.450223,-1660.986,0.0
0.0,0.0,0.0,0.0,0.0,0.0,0.0,0.0,0.0,0.0,0.0,0.0,0.0,0.0,63.991837,-22.605427,146.22949,0.104691,4.95333,180.01332,18.149078,2.387803,0.330579,1.7E-5,7.850941,218.44444,-61.897133,12.0,40.0,0.0,0.0,-59.99986,-60.0,146.22949,1.6E-5,0.002147,282.893,115.03742,-0.018138,-2.452458,-1662.2338,0.0
0.0,0.0,0.0,0.0,0.0,0.0,0.0,0.0,0.0,0.0,0.0,0.0,0.0,0.0,63.991837,-22.605427,146.22949,0.104758,4.953334,180.01334,17.18798,2.408631,0.494331,2.4E-5,7.89872,215.51088,-64.830696,12.0,40.0,0.0,0.0,-59.99986,-60.0,146.22949,1.6E-5,0.001141,282.893,116.26196,-0.018154,-2.45497,-1663.8702,0.0
0.0,0.0,0.0,0.0,0.0,0.0,0.0,0.0,0.0,0.0,0.0,0.0,0.0,0.0,63.991837,-22.605427,146.22949,0.104822,4.953351,180.01334,16.315763,2.428457,0.464982,2.5E-5,7.862624,212.81702,-67.52457,12.0,40.0,0.0,0.0,-69.999855,-70.0,146.22949,1.6E-5,0.001442,282.893,117.52654,-0.018165,-2.45717,-1664.7166,0.0
0.0,0.0,0.0,0.0,0.0,0.0,0.0,0.0,0.0,0.0,0.0,0.0,0.0,0.0,63.991837,-22.605427,146.22949,0.104894,4.95337,180.01334,15.457823,2.448838,0.466367,2.8E-5,7.878228,210.11746,-70.22412,12.0,40.0,0.0,0.0,-69.999855,-70.0,146.22949,1.5E-5,0.001476,282.893,118.9148,-0.018174,-2.459263,-1665.7249,0.0
0.0,0.0,0.0,0.0,0.0,0.0,0.0,0.0,0.0,0.0,0.0,0.0,0.0,0.0,63.991837,-22.605427,146.22949,0.104972,4.953387,180.01335,14.614179,2.469762,0.466316,2.9E-5,7.896072,207.41498,-72.9266,12.0,40.0,0.0,0.0,-69.999855,-70.0,146.22949,1.5E-5,0.001811,282.893,120.42153,-0.018185,-2.461254,-1666.7808,0.0
0.0,0.0,0.0,0.0,0.0,0.0,0.0,0.0,0.0,0.0,0.0,0.0,0.0,0.0,63.991837,-22.605427,146.22949,0.105049,4.953401,180.01335,13.853405,2.489405,0.476083,3.2E-5,7.892749,204.93678,-75.40481,12.0,40.0,0.0,0.0,-69.999855,-70.0,146.22949,1.5E-5,0.001879,282.893,121.90223,-0.018196,-2.462993,-1667.7084,0.0
0.0,0.0,0.0,0.0,0.0,0.0,0.0,0.0,0.0,0.0,0.0,0.0,0.0,0.0,63.991837,-22.605427,146.2295,0.105137,4.953412,180.01335,13.037168,2.511327,0.501036,3.5E-5,7.93352,202.23553,-78.10604,12.0,40.0,0.0,0.0,-79.999855,-80.0,146.2295,1.4E-5,0.001845,282.893,123.621025,-0.018209,-2.464802,-1668.5759,0.0
0.0,0.0,0.0,0.0,0.0,0.0,0.0,0.0,0.0,0.0,0.0,0.0,0.0,0.0,63.991837,-22.605427,146.2295,0.105228,4.95342,180.01337,12.235248,2.533753,0.61914,5.1E-5,7.916193,199.53497,-80.8066,12.0,40.0,0.0,0.0,-79.999855,-80.0,146.2295,1.4E-5,0.002013,282.893,125.44242,-0.018222,-2.466522,-1669.3502,0.0
0.0,0.0,0.0,0.0,0.0,0.0,0.0,0.0,0.0,0.0,0.0,0.0,0.0,0.0,63.991837,-22.605427,146.2295,0.105343,4.953416,180.01338,11.447574,2.556671,0.523326,4.9E-5,7.952405,196.82031,-83.52126,12.0,40.0,0.0,0.0,-79.999855,-80.0,146.2295,1.4E-5,0.002885,282.893,127.36078,-0.018232,-2.468158,-1670.6188,0.0
0.0,0.0,0.0,0.0,0.0,0.0,0.0,0.0,0.0,0.0,0.0,0.0,0.0,0.0,63.991837,-22.605427,146.2295,0.105472,4.953401,180.01338,10.6099,2.582027,0.378428,3.0E-5,7.922729,193.89641,-86.445175,12.0,40.0,0.0,0.0,-79.999855,-80.0,146.2295,1.4E-5,0.002751,282.893,129.54178,-0.018249,-2.46984,-1671.226,0.0
0.0,0.0,0.0,0.0,0.0,0.0,0.0,0.0,0.0,0.0,0.0,0.0,0.0,0.0,63.991837,-22.605427,146.22952,0.105567,4.953393,180.0134,9.851206,2.605909,0.516056,3.6E-5,7.965261,191.18817,-89.15342,12.0,40.0,0.0,0.0,-89.999855,-90.0,146.22952,1.3E-5,0.00208,282.893,131.64368,-0.018271,-2.471314,-1672.1099,0.0
0.0,0.0,0.0,0.0,0.0,0.0,0.0,0.0,0.0,0.0,0.0,0.0,0.0,0.0,63.991837,-22.605427,146.22952,0.10565,4.953392,180.0134,9.168094,2.6282,0.533152,3.8E-5,7.978186,188.7141,-91.62748,12.0,40.0,0.0,0.0,-89.999855,-90.0,146.22952,1.3E-5,0.002214,282.893,133.64006,-0.018285,-2.472602,-1672.5436,0.0
0.0,0.0,0.0,0.0,0.0,0.0,0.0,0.0,0.0,0.0,0.0,0.0,0.0,0.0,63.991837,-22.605427,146.22952,0.105746,4.953388,180.01341,8.514021,2.628894,0.467942,4.1E-5,7.949013,186.0205,-94.32109,12.0,40.0,0.0,0.0,-89.999855,-90.0,146.22952,1.3E-5,0.003086,282.893,135.88843,-0.018293,-2.473941,-1672.7618,0.0
0.0,0.0,0.0,0.0,0.0,0.0,0.0,0.0,0.0,0.0,0.0,0.0,0.0,0.0,63.991837,-22.605427,146.22952,0.10587,4.953372,180.01341,7.875834,2.62473,0.266084,2.3E-5,7.954132,183.30957,-97.032005,12.0,40.0,0.0,0.0,-89.999855,-90.0,146.22952,1.3E-5,-1.01E-4,282.893,138.20459,-0.018313,-2.475214,-1673.6274,0.0
0.0,0.0,0.0,0.0,0.0,0.0,0.0,0.0,0.0,0.0,0.0,0.0,0.0,0.0,63.991837,-22.605427,146.22952,0.105986,4.953362,180.01343,7.182122,2.620581,0.137037,1.0E-5,7.981503,180.38042,-99.96117,12.0,40.0,0.0,0.0,-99.999855,-100.0,146.22952,1.2E-5,4.7E-4,282.893,140.7834,-0.018333,-2.476524,-1674.2135,0.0
0.0,0.0,0.0,0.0,0.0,0.0,0.0,0.0,0.0,0.0,0.0,0.0,0.0,0.0,63.991837,-22.605427,146.22952,0.106092,4.953356,180.01343,6.593792,2.617379,0.206131,1.9E-5,7.946173,177.88136,-102.46022,12.0,40.0,0.0,0.0,-99.999855,-100.0,146.22952,1.2E-5,0.001141,282.893,143.0166,-0.018343,-2.477578,-1675.465,0.0
0.0,0.0,0.0,0.0,0.0,0.0,0.0,0.0,0.0,0.0,0.0,0.0,0.0,0.0,63.991837,-22.605427,146.22954,0.106225,4.953341,180.01344,5.950141,2.6142,0.147724,1.4E-5,7.935669,175.19087,-105.15071,12.0,40.0,0.0,0.0,-99.999855,-100.0,146.22954,1.2E-5,6.71E-4,282.893,145.50056,-0.01836,-2.478673,-1675.3508,0.0
0.0,0.0,0.0,0.0,0.0,0.0,0.0,0.0,0.0,0.0,0.0,0.0,0.0,0.0,63.991837,-22.605427,146.22954,0.106367,4.953321,180.01346,5.251018,2.611124,0.009957,1.0E-6,7.989048,172.26706,-108.074524,12.0,40.0,0.0,0.0,-109.999855,-110.0,146.22954,1.2E-5,-0.001308,282.893,148.2411,-0.018379,-2.4798,-1675.601,0.0
0.0,0.0,0.0,0.0,0.0,0.0,0.0,0.0,0.0,0.0,0.0,0.0,0.0,0.0,63.991837,-22.605427,146.22954,0.106473,4.953314,180.01346,4.604239,2.608627,-0.065477,-5.0E-6,7.985302,169.57265,-110.768936,12.0,40.0,0.0,0.0,-109.999855,-110.0,146.22954,1.1E-5,-4.36E-4,282.893,150.8103,-0.018402,-2.480788,-1675.6381,0.0
0.0,0.0,0.0,0.0,0.0,0.0,0.0,0.0,0.0,0.0,0.0,0.0,0.0,0.0,63.991837,-22.605427,146.22954,0.106576,4.953311,180.01347,3.956553,2.606469,0.055425,5.0E-6,7.983724,166.87404,-113.46755,12.0,40.0,0.0,0.0,-109.999855,-110.0,146.22954,1.1E-5,0.00151,282.893,153.41138,-0.018419,-2.481726,-1675.8242,0.0
0.0,0.0,0.0,0.0,0.0,0.0,0.0,0.0,0.0,0.0,0.0,0.0,0.0,0.0,63.991837,-22.605427,146.22954,0.106704,4.953298,180.01349,3.307877,2.60465,0.086233,8.0E-6,7.998335,164.15923,-116.182365,12.0,40.0,0.0,0.0,-109.999855,-110.0,146.22954,1.1E-5,4.03E-4,282.893,156.03856,-0.018431,-2.48262,-1676.6238,0.0
0.0,0.0,0.0,0.0,0.0,0.0,0.0,0.0,0.0,0.0,0.0,0.0,0.0,0.0,63.991837,-22.605427,146.22954,0.106825,4.95328,180.01349,2.657942,2.603155,-0.083053,-6.0E-6,7.948795,161.45738,-118.8842,12.0,40.0,0.0,0.0,-119.999855,-120.0,146.22954,1.1E-5,-4.03E-4,282.893,158.68611,-0.018457,-2.483469,-1676.8455,0.0
0.0,0.0,0.0,0.0,0.0,0.0,0.0,0.0,0.0,0.0,0.0,0.0,0.0,0.0,63.991837,-22.605427,146.22954,0.106929,4.953269,180.0135,2.007565,2.601998,-0.060193,-4.0E-6,7.951245,158.76648,-121.5751,12.0,40.0,0.0,0.0,-119.999855,-120.0,146.22954,1.0E-5,-3.35E-4,282.893,161.34839,-0.018476,-2.484277,-1676.627,0.0
0.0,0.0,0.0,0.0,0.0,0.0,0.0,0.0,0.0,0.0,0.0,0.0,0.0,0.0,63.991837,-22.605427,146.22954,0.107035,4.953259,180.0135,1.356705,2.601179,-0.037674,-3.0E-6,7.958503,156.06795,-124.27363,12.0,40.0,0.0,0.0,-119.999855,-120.0,146.22954,1.0E-5,-3.02E-4,282.893,164.01984,-0.018493,-2.485045,-1676.7098,0.0
0.0,0.0,0.0,0.0,0.0,0.0,0.0,0.0,0.0,0.0,0.0,0.0,0.0,0.0,63.991837,-22.605427,146.22952,0.107134,4.953245,180.01352,0.759767,2.600724,-0.020468,-2.0E-6,7.956972,153.58904,-126.75255,12.0,40.0,0.0,0.0,-119.999855,-120.0,146.22952,1.0E-5,-2.35E-4,282.893,166.47202,-0.01851,-2.485716,-1676.9746,0.0
0.0,0.0,0.0,0.0,0.0,0.0,0.0,0.0,0.0,0.0,0.0,0.0,0.0,0.0,63.991837,-22.605427,146.22954,0.107267,4.95322,180.01353,0.054321,2.600554,0.118871,1.2E-5,8.000819,150.65216,-129.68942,12.0,40.0,0.0,0.0,-129.99986,-130.0,146.22954,1.0E-5,7.38E-4,282.893,169.36841,-0.018524,-2.486471,-1677.5602,0.0
0.0,0.0,0.0,0.0,0.0,0.0,0.0,0.0,0.0,0.0,0.0,0.0,0.0,0.0,63.991837,-22.605427,146.22954,0.107403,4.953186,180.01353,-0.597131,2.600742,0.10068,1.0E-5,7.991405,147.94214,-132.39944,12.0,40.0,0.0,0.0,-129.99986,-130.0,146.22954,1.0E-5,5.7E-4,282.893,172.0349,-0.018544,-2.487132,-1678.0215,0.0
0.0,0.0,0.0,0.0,0.0,0.0,0.0,0.0,0.0,0.0,0.0,0.0,0.0,0.0,63.991837,-22.605427,146.22954,0.107523,4.95316,180.01355,-1.19419,2.601204,0.088886,8.0E-6,7.993903,145.46788,-134.8737,12.0,40.0,0.0,0.0,-129.99986,-130.0,146.22954,9.0E-6,4.03E-4,282.893,174.46869,-0.018565,-2.48771,-1678.0352,0.0
0.0,0.0,0.0,0.0,0.0,0.0,0.0,0.0,0.0,0.0,0.0,0.0,0.0,0.0,63.991837,-22.605427,146.22954,0.107651,4.953145,180.01357,-1.845223,2.602031,0.078538,7.0E-6,7.978323,142.76233,-137.57925,12.0,40.0,0.0,0.0,-139.99986,-140.0,146.22954,9.0E-6,3.35E-4,282.893,177.10759,-0.018586,-2.488311,-1678.2739,0.0
0.0,0.0,0.0,0.0,0.0,0.0,0.0,0.0,0.0,0.0,0.0,0.0,0.0,0.0,63.991837,-22.605427,146.22954,0.107785,4.953141,180.01357,-2.549955,2.603306,0.071352,6.0E-6,7.979106,139.83897,-140.50261,12.0,40.0,0.0,0.0,-139.99986,-140.0,146.22954,9.0E-6,2.68E-4,282.893,179.94188,-0.018607,-2.488928,-1678.2112,0.0
0.0,0.0,0.0,0.0,0.0,0.0,0.0,0.0,0.0,0.0,0.0,0.0,0.0,0.0,63.991837,-22.605427,146.22954,0.107897,4.953146,180.01358,-3.145775,2.604692,-0.033908,-3.0E-6,7.949572,137.36624,-142.97534,12.0,40.0,0.0,0.0,-139.99986,-140.0,146.22954,9.0E-6,-0.001677,282.893,182.31586,-0.018635,-2.489425,-1678.119,0.0
0.0,0.0,0.0,0.0,0.0,0.0,0.0,0.0,0.0,0.0,0.0,0.0,0.0,0.0,63.991837,-22.605427,146.22954,0.107995,4.953166,180.01358,-3.794991,2.606524,-0.079714,-6.0E-6,7.962836,134.66893,-145.67265,12.0,40.0,0.0,0.0,-139.99986,-140.0,146.22954,9.0E-6,-5.37E-4,282.893,184.87585,-0.018658,-2.489942,-1678.0128,0.0
0.0,0.0,0.0,0.0,0.0,0.0,0.0,0.0,0.0,0.0,0.0,0.0,0.0,0.0,63.991837,-22.605427,146.22954,0.108101,4.953197,180.0136,-4.496997,2.60889,-0.029891,-2.0E-6,7.989065,131.7338,-148.60779,12.0,40.0,0.0,0.0,-149.99986,-150.0,146.22954,9.0E-6,-3.69E-4,282.893,187.60907,-0.018676,-2.490473,-1678.4056,0.0
0.0,0.0,0.0,0.0,0.0,0.0,0.0,0.0,0.0,0.0,0.0,0.0,0.0,0.0,63.991837,-22.605427,146.22954,0.108203,4.953226,180.0136,-5.143807,2.611423,0.004037,0.0,8.002907,129.03172,-151.30986,12.0,40.0,0.0,0.0,-149.99986,-150.0,146.22954,8.0E-6,-2.01E-4,282.893,190.09042,-0.018693,-2.490939,-1678.4738,0.0
0.0,0.0,0.0,0.0,0.0,0.0,0.0,0.0,0.0,0.0,0.0,0.0,0.0,0.0,63.991837,-22.605427,146.22954,0.108302,4.95325,180.01361,-5.735588,2.614038,0.022919,2.0E-6,7.960751,126.55448,-153.7871,12.0,40.0,0.0,0.0,-149.99986,-150.0,146.22954,8.0E-6,-1.01E-4,282.893,192.32628,-0.01871,-2.491346,-1678.5239,0.0
0.0,0.0,0.0,0.0,0.0,0.0,0.0,0.0,0.0,0.0,0.0,0.0,0.0,0.0,63.991837,-22.605427,146.22954,0.10843,4.953272,180.01363,-6.43315,2.61749,0.17684,1.7E-5,7.983319,123.625,-156.71658,12.0,40.0,0.0,0.0,-149.99986,-150.0,146.22954,8.0E-6,6.04E-4,282.893,194.91661,-0.018719,-2.491803,-1678.6362,0.0
0.0,0.0,0.0,0.0,0.0,0.0,0.0,0.0,0.0,0.0,0.0,0.0,0.0,0.0,63.991837,-22.605427,146.22954,0.108556,4.953277,180.01363,-7.022103,2.620713,0.153029,1.5E-5,7.957579,121.15002,-159.19156,12.0,40.0,0.0,0.0,-159.99986,-160.0,146.22954,8.0E-6,7.38E-4,282.893,197.061,-0.018737,-2.492171,-1678.5712,0.0
0.0,0.0,0.0,0.0,0.0,0.0,0.0,0.0,0.0,0.0,0.0,0.0,0.0,0.0,63.991837,-22.605427,146.22954,0.108704,4.953278,180.01364,-7.716276,2.624875,0.141344,1.3E-5,7.955983,118.2211,-162.12048,12.0,40.0,0.0,0.0,-159.99986,-160.0,146.22954,8.0E-6,6.71E-4,282.893,199.53526,-0.018759,-2.492584,-1678.6385,0.0
0.0,0.0,0.0,0.0,0.0,0.0,0.0,0.0,0.0,0.0,0.0,0.0,0.0,0.0,63.991837,-22.605427,146.22954,0.108837,4.953279,180.01366,-8.355027,2.629058,0.138271,1.3E-5,7.991392,115.51075,-164.83083,12.0,40.0,0.0,0.0,-159.99986,-160.0,146.22954,8.0E-6,5.37E-4,282.893,201.75787,-0.01878,-2.492947,-1678.9592,0.0
0.0,0.0,0.0,0.0,0.0,0.0,0.0,0.0,0.0,0.0,0.0,0.0,0.0,0.0,63.991837,-22.605427,146.22954,0.10895,4.953281,180.01366,-8.938932,2.633175,-0.002207,-0.0,7.982826,113.03611,-167.30547,12.0,40.0,0.0,0.0,-159.99986,-160.0,146.22954,7.0E-6,-4.7E-4,282.893,203.74072,-0.018811,-2.493263,-1678.8553,0.0
0.0,0.0,0.0,0.0,0.0,0.0,0.0,0.0,0.0,0.0,0.0,0.0,0.0,0.0,63.991837,-22.605427,146.22954,0.109063,4.953296,180.01367,-9.626356,2.638393,0.029022,2.0E-6,7.981953,110.107605,-170.23398,12.0,40.0,0.0,0.0,-169.99986,-170.0,146.22954,7.0E-6,0.0,282.893,206.01352,-0.018833,-2.493619,-1678.878,0.0
0.0,0.0,0.0,0.0,0.0,0.0,0.0,0.0,0.0,0.0,0.0,0.0,0.0,0.0,63.991837,-22.605427,146.22954,0.109169,4.953307,180.01367,-10.205566,2.643109,0.18696,1.8E-5,7.947491,107.63474,-172.70683,12.0,40.0,0.0,0.0,-169.99986,-170.0,146.22954,7.0E-6,6.37E-4,282.893,207.87439,-0.018845,-2.493906,-1678.6846,0.0
0.0,0.0,0.0,0.0,0.0,0.0,0.0,0.0,0.0,0.0,0.0,0.0,0.0,0.0,63.991837,-22.605427,146.22954,0.109314,4.953306,180.01369,-10.88779,2.649029,0.054712,5.0E-6,7.954133,104.70624,-175.63535,12.0,40.0,0.0,0.0,-169.99986,-170.0,146.22954,7.0E-6,-5.7E-4,282.893,209.99702,-0.018869,-2.494228,-1678.692,0.0
0.0,0.0,0.0,0.0,0.0,0.0,0.0,0.0,0.0,0.0,0.0,0.0,0.0,0.0,63.991837,-22.605427,146.22954,0.109418,4.95331,180.0137,-11.462625,2.654326,0.058469,5.0E-6,7.956408,102.23017,-178.11142,12.0,40.0,0.0,0.0,-179.99986,-180.0,146.22954,7.0E-6,2.01E-4,282.893,211.7261,-0.018892,-2.494487,-1678.6227,0.0
0.0,0.0,0.0,0.0,0.0,0.0,0.0,0.0,0.0,0.0,0.0,0.0,0.0,0.0,63.991837,-22.605427,146.22954,0.109547,4.953312,180.0137,-12.138606,2.660934,0.20675,2.0E-5,7.956152,99.29907,-181.04251,12.0,40.0,0.0,0.0,-179.99986,-180.0,146.22954,7.0E-6,0.001006,282.893,213.68782,-0.018903,-2.494778,-1678.726,0.0
0.0,0.0,0.0,0.0,0.0,0.0,0.0,0.0,0.0,0.0,0.0,0.0,0.0,0.0,63.991837,-22.605427,146.22954,0.109689,4.953301,180.01372,-12.75974,2.667363,0.189327,1.9E-5,7.977547,96.58997,-183.7516,12.0,40.0,0.0,0.0,-179.99986,-180.0,146.22954,7.0E-6,0.001141,282.893,215.41788,-0.018923,-2.495033,-1678.9442,0.0
0.0,0.0,0.0,0.0,0.0,0.0,0.0,0.0,0.0,0.0,0.0,0.0,0.0,0.0,63.991837,-22.605427,146.22954,0.10983,4.953286,180.01373,-13.378024,2.674107,0.103679,9.0E-6,7.945918,93.886246,-186.45534,12.0,40.0,0.0,0.0,-179.99986,-180.0,146.22954,6.0E-6,-8.39E-4,282.893,217.06845,-0.018946,-2.495276,-1678.9294,0.0
0.0,0.0,0.0,0.0,0.0,0.0,0.0,0.0,0.0,0.0,0.0,0.0,0.0,0.0,63.991837,-22.605427,146.22954,0.109947,4.953278,180.01375,-13.993185,2.681157,0.079409,6.0E-6,7.93576,91.18577,-189.1558,12.0,40.0,0.0,0.0,-189.99986,-190.0,146.22954,6.0E-6,2.68E-4,282.893,218.63786,-0.018972,-2.495507,-1678.7723,0.0
0.0,0.0,0.0,0.0,0.0,0.0,0.0,0.0,0.0,0.0,0.0,0.0,0.0,0.0,63.991837,-22.605427,146.22954,0.110072,4.95327,180.01375,-14.604647,2.688519,0.213042,2.2E-5,7.949541,88.46222,-191.87936,12.0,40.0,0.0,0.0,-189.99986,-190.0,146.22954,6.0E-6,0.001275,282.893,220.12459,-0.018986,-2.495727,-1679.4977,0.0
0.0,0.0,0.0,0.0,0.0,0.0,0.0,0.0,0.0,0.0,0.0,0.0,0.0,0.0,63.991837,-22.605427,146.22954,0.11021,4.953253,180.01376,-15.213155,2.696187,0.097965,9.0E-6,7.960699,85.76909,-194.5725,12.0,40.0,0.0,0.0,-189.99986,-190.0,146.22954,6.0E-6,6.7E-5,282.893,221.52734,-0.019011,-2.495935,-1679.0247,0.0
0.0,0.0,0.0,0.0,0.0,0.0,0.0,0.0,0.0,0.0,0.0,0.0,0.0,0.0,63.991837,-22.605427,146.22954,0.11032,4.953242,180.01376,-15.76779,2.703479,0.113232,1.0E-5,7.935251,83.30474,-197.03683,12.0,40.0,0.0,0.0,-189.99986,-190.0,146.22954,6.0E-6,4.7E-4,282.893,222.73848,-0.019033,-2.496118,-1678.4319,0.0
0.0,0.0,0.0,0.0,0.0,0.0,0.0,0.0,0.0,0.0,0.0,0.0,0.0,0.0,63.991837,-22.605427,146.22955,0.110441,4.953231,180.01378,-16.369314,2.711722,0.132904,1.2E-5,7.945954,80.598625,-199.74297,12.0,40.0,0.0,0.0,-199.99986,-200.0,146.22955,6.0E-6,7.38E-4,282.893,223.97731,-0.019053,-2.496308,-1678.5051,0.0
0.0,0.0,0.0,0.0,0.0,0.0,0.0,0.0,0.0,0.0,0.0,0.0,0.0,0.0,63.991837,-22.605427,146.22955,0.110586,4.953213,180.0138,-17.016565,2.72099,0.251922,2.8E-5,7.979438,77.65998,-202.68161,12.0,40.0,0.0,0.0,-199.99986,-200.0,146.22955,6.0E-6,0.001241,282.893,225.22154,-0.019065,-2.496503,-1678.8508,0.0
0.0,0.0,0.0,0.0,0.0,0.0,0.0,0.0,0.0,0.0,0.0,0.0,0.0,0.0,63.991837,-22.605427,146.22955,0.110723,4.953185,180.01381,-17.561157,2.729103,0.115287,1.1E-5,7.941635,75.19352,-205.14807,12.0,40.0,0.0,0.0,-199.99986,-200.0,146.22955,6.0E-6,0.001208,282.893,226.19434,-0.019089,-2.49666,-1678.3385,0.0
0.0,0.0,0.0,0.0,0.0,0.0,0.0,0.0,0.0,0.0,0.0,0.0,0.0,0.0,63.991837,-22.605427,146.22955,0.110866,4.953157,180.01381,-18.200287,2.739003,0.23755,2.5E-5,7.945703,72.267296,-208.0743,12.0,40.0,0.0,0.0,-209.99986,-210.0,146.22955,6.0E-6,0.002248,282.893,227.24905,-0.019109,-2.496836,-1678.1973,0.0
0.0,0.0,0.0,0.0,0.0,0.0,0.0,0.0,0.0,0.0,0.0,0.0,0.0,0.0,63.991837,-22.605427,146.22955,0.11101,4.953126,180.01382,-18.786165,2.748446,0.339995,3.9E-5,7.971543,69.55949,-210.78209,12.0,40.0,0.0,0.0,-209.99986,-210.0,146.22955,5.0E-6,-0.001677,282.893,228.13113,-0.019134,-2.496991,-1678.3286,0.0
0.0,0.0,0.0,0.0,0.0,0.0,0.0,0.0,0.0,0.0,0.0,0.0,0.0,0.0,63.991837,-22.605427,146.22955,0.111143,4.953095,180.01384,-19.31983,2.75735,0.003672,0.0,7.945652,67.08747,-213.2541,12.0,40.0,0.0,0.0,-209.99986,-210.0,146.22955,5.0E-6,0.00577,282.893,228.86253,-0.019142,-2.497126,-1678.0427,0.0
0.0,0.0,0.0,0.0,0.0,0.0,0.0,0.0,0.0,0.0,0.0,0.0,0.0,0.0,63.991837,-22.605427,146.22955,0.111299,4.953056,180.01385,-19.945784,2.768183,0.365193,4.2E-5,7.973417,64.15744,-216.18414,12.0,40.0,0.0,0.0,-209.99986,-210.0,146.22955,5.0E-6,-0.00322,282.893,229.6319,-0.019152,-2.497278,-1678.0521,0.0
0.0,0.0,0.0,0.0,0.0,0.0,0.0,0.0,0.0,0.0,0.0,0.0,0.0,0.0,63.991837,-22.605427,146.22955,0.111432,4.953022,180.01385,-20.471876,2.777602,0.012806,1.0E-6,7.916615,61.667393,-218.6742,12.0,40.0,0.0,0.0,-219.99986,-220.0,146.22955,5.0E-6,0.005703,282.893,230.20282,-0.019164,-2.4974,-1678.4315,0.0
0.0,0.0,0.0,0.0,0.0,0.0,0.0,0.0,0.0,0.0,0.0,0.0,0.0,0.0,63.991837,-22.605427,146.22957,0.111589,4.952981,180.01387,-21.088715,2.789037,0.256337,2.7E-5,7.936579,58.748024,-221.59355,12.0,40.0,0.0,0.0,-219.99986,-220.0,146.22957,5.0E-6,0.00161,282.893,230.78345,-0.019191,-2.497537,-1677.984,0.0
0.0,0.0,0.0,0.0,0.0,0.0,0.0,0.0,0.0,0.0,0.0,0.0,0.0,0.0,63.991837,-22.605427,146.22957,0.111725,4.952945,180.01389,-21.653757,2.799876,0.274109,2.8E-5,7.977392,56.040295,-224.30128,12.0,40.0,0.0,0.0,-219.99986,-220.0,146.22957,5.0E-6,0.001543,282.893,231.22963,-0.019223,-2.497658,-1678.0997,0.0
0.0,0.0,0.0,0.0,0.0,0.0,0.0,0.0,0.0,0.0,0.0,0.0,0.0,0.0,63.991837,-22.605427,146.22957,0.111834,4.95292,180.01389,-22.168081,2.810049,0.181314,1.4E-5,7.940001,53.569435,-226.77216,12.0,40.0,0.0,0.0,-219.99986,-220.0,146.22957,5.0E-6,8.39E-4,282.893,231.56363,-0.019262,-2.497763,-1677.754,0.0
0.0,0.0,0.0,0.0,0.0,0.0,0.0,0.0,0.0,0.0,0.0,0.0,0.0,0.0,63.991837,-22.605427,146.22957,0.111947,4.952904,180.0139,-22.770788,2.82236,0.228514,1.7E-5,7.968739,50.640617,-229.70097,12.0,40.0,0.0,0.0,-229.99986,-230.0,146.22957,5.0E-6,9.39E-4,282.893,231.86691,-0.019287,-2.497881,-1677.6998,0.0
0.0,0.0,0.0,0.0,0.0,0.0,0.0,0.0,0.0,0.0,0.0,0.0,0.0,0.0,63.991837,-22.605427,146.22957,0.112054,4.952891,180.01392,-23.322416,2.834001,0.242221,1.9E-5,7.940536,47.944687,-232.3969,12.0,40.0,0.0,0.0,-229.99986,-230.0,146.22957,5.0E-6,0.001006,282.893,232.06013,-0.019311,-2.497984,-1677.3527,0.0
0.0,0.0,0.0,0.0,0.0,0.0,0.0,0.0,0.0,0.0,0.0,0.0,0.0,0.0,63.991837,-22.605427,146.22957,0.112163,4.952878,180.01392,-23.869484,2.845904,0.270006,2.2E-5,7.973225,45.220154,-235.12143,12.0,40.0,0.0,0.0,-229.99986,-230.0,146.22957,5.0E-6,0.00104,282.893,232.17137,-0.019332,-2.498083,-1678.1233,0.0
0.0,0.0,0.0,0.0,0.0,0.0,0.0,0.0,0.0,0.0,0.0,0.0,0.0,0.0,63.991837,-22.605427,146.22957,0.112266,4.952866,180.01393,-24.366951,2.857042,0.274941,2.3E-5,7.960041,42.75284,-237.58875,12.0,40.0,0.0,0.0,-239.99986,-240.0,146.22957,4.0E-6,0.001342,282.893,232.20251,-0.019355,-2.498169,-1677.6168,0.0
0.0,0.0,0.0,0.0,0.0,0.0,0.0,0.0,0.0,0.0,0.0,0.0,0.0,0.0,63.991837,-22.605427,146.22957,0.112391,4.952847,180.01393,-24.949715,2.87048,0.3973,4.0E-5,7.97679,39.824135,-240.51746,12.0,40.0,0.0,0.0,-239.99986,-240.0,146.22957,4.0E-6,9.39E-4,282.893,232.15366,-0.019371,-2.498266,-1677.5471,0.0
0.0,0.0,0.0,0.0,0.0,0.0,0.0,0.0,0.0,0.0,0.0,0.0,0.0,0.0,63.991837,-22.605427,146.22958,0.112527,4.95282,180.01395,-25.482866,2.883094,0.350629,3.7E-5,7.056779,37.356895,-242.98468,12.0,40.0,0.0,0.0,-239.99986,-240.0,146.22958,4.0E-6,0.001845,282.893,232.02791,-0.019395,-2.498351,-1668.0367,0.0
0.0,0.0,0.0,0.0,0.0,0.0,0.0,0.0,0.0,0.0,0.0,0.0,0.0,0.0,63.991837,-22.605427,146.22958,0.112668,4.952787,180.01396,-26.011497,2.895866,0.277314,2.7E-5,4.72167,36.30725,-244.03433,12.0,40.0,0.0,0.0,-239.99986,-240.0,146.22958,4.0E-6,6.7E-5,282.893,231.82657,-0.019418,-2.498431,-1602.4944,0.0
0.0,0.0,0.0,0.0,0.0,0.0,0.0,0.0,0.0,0.0,0.0,0.0,0.0,0.0,63.991837,-22.605427,146.22958,0.112784,4.952764,180.01396,-26.535501,2.908879,0.273421,2.3E-5,3.481495,35.932045,-244.40955,12.0,40.0,0.0,0.0,-239.99986,-240.0,146.22958,4.0E-6,0.001107,282.893,231.55153,-0.019447,-2.498508,-1510.1039,0.0
0.0,0.0,0.0,0.0,0.0,0.0,0.0,0.0,0.0,0.0,0.0,0.0,0.0,0.0,63.991837,-22.605427,146.22958,0.112897,4.952747,180.01398,-27.054588,2.922132,0.286325,2.4E-5,2.918314,35.794262,-244.54732,12.0,40.0,0.0,0.0,-239.99986,-240.0,146.22958,4.0E-6,0.001342,282.893,231.20482,-0.019469,-2.498581,-1407.8639,0.0
0.0,0.0,0.0,0.0,0.0,0.0,0.0,0.0,0.0,0.0,0.0,0.0,0.0,0.0,63.991837,-22.605427,146.22958,0.113012,4.952729,180.01399,-27.52601,2.934489,0.367529,3.9E-5,2.7012,35.742985,-244.5986,12.0,40.0,0.0,0.0,-239.99986,-240.0,146.22958,4.0E-6,0.001912,282.893,230.82582,-0.019485,-2.498644,-1310.8422,0.0
0.0,0.0,0.0,0.0,0.0,0.0,0.0,0.0,0.0,0.0,0.0,0.0,0.0,0.0,63.991837,-22.605427,146.2296,0.11316,4.952699,180.01399,-28.078413,2.94935,0.273066,2.5E-5,2.601687,35.71513,-244.62645,12.0,40.0,0.0,0.0,-239.99986,-240.0,146.2296,4.0E-6,0.001241,282.893,230.30486,-0.019514,-2.498716,-1194.6335,0.0
0.0,0.0,0.0,0.0,0.0,0.0,0.0,0.0,0.0,0.0,0.0,0.0,0.0,0.0,63.991837,-22.605427,146.2296,0.113286,4.952676,180.014,-28.583029,2.963303,0.353525,3.8E-5,2.567682,35.700626,-244.64096,12.0,40.0,0.0,0.0,-239.99986,-240.0,146.2296,4.0E-6,0.002482,282.893,229.75612,-0.019534,-2.498779,-1086.7909,0.0
0.0,0.0,0.0,0.0,0.0,0.0,0.0,0.0,0.0,0.0,0.0,0.0,0.0,0.0,63.991837,-22.605427,146.2296,0.113418,4.952647,180.01402,-29.041569,2.976296,0.232477,2.3E-5,2.554658,35.690563,-244.65102,12.0,40.0,0.0,0.0,-239.99986,-240.0,146.2296,4.0E-6,0.001577,282.893,229.19795,-0.019555,-2.498834,-987.7554,0.0
0.0,0.0,0.0,0.0,0.0,0.0,0.0,0.0,0.0,0.0,0.0,0.0,0.0,0.0,63.991837,-22.605427,146.2296,0.113562,4.952617,180.01402,-29.578316,2.991893,0.27316,2.5E-5,2.546551,35.680084,-244.6615,12.0,40.0,0.0,0.0,-239.99986,-240.0,146.2296,4.0E-6,0.00151,282.893,228.47298,-0.019583,-2.498895,-870.6301,0.0
0.0,0.0,0.0,0.0,0.0,0.0,0.0,0.0,0.0,0.0,0.0,0.0,0.0,0.0,63.991837,-22.605427,146.2296,0.113687,4.952595,180.01404,-29.962658,3.003308,0.390221,4.1E-5,2.54151,35.670944,-244.67064,12.0,40.0,0.0,0.0,-239.99986,-240.0,146.2296,4.0E-6,0.001006,282.893,227.74358,-0.019599,-2.498949,-762.4847,0.0
0.0,0.0,0.0,0.0,0.0,0.0,0.0,0.0,0.0,0.0,0.0,0.0,0.0,0.0,63.991837,-22.605427,146.2296,0.11381,4.952569,180.01405,-29.962826,3.003236,0.264771,2.2E-5,2.539584,35.66298,-244.6786,12.0,40.0,0.0,0.0,-239.99986,-240.0,146.2296,3.0E-6,-0.0,282.893,227.02646,-0.019633,-2.498996,-663.32556,0.0
0.0,0.0,0.0,0.0,0.0,0.0,0.0,0.0,0.0,0.0,0.0,0.0,0.0,0.0,63.991837,-22.605427,146.22961,0.113902,4.952548,180.01405,-29.963215,3.003147,0.233223,1.1E-5,2.538039,35.653957,-244.68762,12.0,40.0,0.0,0.0,-239.99986,-240.0,146.22961,3.0E-6,6.37E-4,282.893,226.12202,-0.019668,-2.499049,-546.1116,0.0
0.0,0.0,0.0,0.0,0.0,0.0,0.0,0.0,0.0,0.0,0.0,0.0,0.0,0.0,63.991837,-22.605427,146.22961,0.113949,4.95254,180.01405,-29.963352,3.003078,0.240609,8.0E-6,2.538073,35.647076,-244.6945,12.0,40.0,0.0,0.0,-239.99986,-240.0,146.22961,3.0E-6,4.36E-4,282.893,225.38637,-0.019694,-2.499088,-455.95477,0.0
0.0,0.0,0.0,0.0,0.0,0.0,0.0,0.0,0.0,0.0,0.0,0.0,0.0,0.0,63.991837,-22.605427,146.22961,0.113996,4.952536,180.01407,-29.963472,3.002979,0.244966,6.0E-6,2.537702,35.637463,-244.70412,12.0,40.0,0.0,0.0,-239.99986,-240.0,146.22961,3.0E-6,3.35E-4,282.893,224.30139,-0.019716,-2.49914,-329.767,0.0
0.0,0.0,0.0,0.0,0.0,0.0,0.0,0.0,0.0,0.0,0.0,0.0,0.0,0.0,63.991837,-22.605427,146.22961,0.114024,4.952534,180.01407,-29.963541,3.002895,0.246093,4.0E-6,2.537775,35.62927,-244.71231,12.0,40.0,0.0,0.0,-239.99986,-240.0,146.22961,3.0E-6,1.34E-4,282.893,223.3233,-0.019735,-2.499182,-221.66586,0.0
0.0,0.0,0.0,0.0,0.0,0.0,0.0,0.0,0.0,0.0,0.0,0.0,0.0,0.0,63.991837,-22.605427,146.22961,0.114044,4.952533,180.01407,-29.963589,3.00281,0.247469,3.0E-6,2.537692,35.621075,-244.7205,12.0,40.0,0.0,0.0,-239.99986,-240.0,146.22961,3.0E-6,2.01E-4,282.893,222.30377,-0.019753,-2.499222,-113.7194,0.0
0.0,0.0,0.0,0.0,0.0,0.0,0.0,0.0,0.0,0.0,0.0,0.0,0.0,0.0,63.991837,-22.605427,146.22961,0.114057,4.952532,180.01407,-29.963621,3.002733,0.248243,2.0E-6,2.537576,35.613586,-244.728,12.0,40.0,0.0,0.0,-239.99986,-240.0,146.22961,3.0E-6,3.4E-5,282.893,221.33524,-0.019768,-2.499257,-15.642727,0.0
0.0,0.0,0.0,0.0,0.0,0.0,0.0,0.0,0.0,0.0,0.0,0.0,0.0,0.0,63.991837,-22.605427,146.22961,0.114067,4.952532,180.01407,-29.963646,3.002648,0.247221,2.0E-6,2.53706,35.605434,-244.73615,12.0,40.0,0.0,0.0,-239.99986,-240.0,146.22961,3.0E-6,6.7E-5,282.893,220.24425,-0.019782,-2.499293,-15.04795,0.0
0.0,0.0,0.0,0.0,0.0,0.0,0.0,0.0,0.0,0.0,0.0,0.0,0.0,0.0,63.991837,-22.605427,146.22961,0.114075,4.952532,180.01407,-29.963663,3.002555,0.245234,1.0E-6,2.537543,35.596508,-244.74507,12.0,40.0,0.0,0.0,-239.99986,-240.0,146.22961,3.0E-6,1.01E-4,282.893,219.02507,-0.019794,-2.499331,-17.916725,0.0
0.0,0.0,0.0,0.0,0.0,0.0,0.0,0.0,0.0,0.0,0.0,0.0,0.0,0.0,63.991837,-22.605427,146.22961,0.11408,4.952532,180.01407,-29.963675,3.002477,0.232727,1.0E-6,2.53717,35.58893,-244.75266,12.0,40.0,0.0,0.0,-239.99986,-240.0,146.22961,3.0E-6,6.7E-5,282.893,217.96584,-0.019805,-2.499361,-15.165084,0.0
0.0,0.0,0.0,0.0,0.0,0.0,0.0,0.0,0.0,0.0,0.0,0.0,0.0,0.0,63.991837,-22.605427,146.22961,0.114083,4.952532,180.01407,-29.963684,3.002392,0.233713,0.0,2.536826,35.580837,-244.76074,12.0,40.0,0.0,0.0,-239.99986,-240.0,146.22961,3.0E-6,6.7E-5,282.893,216.7842,-0.019815,-2.499392,-14.853753,0.0
0.0,0.0,0.0,0.0,0.0,0.0,0.0,0.0,0.0,0.0,0.0,0.0,0.0,0.0,63.991837,-22.605427,146.22961,0.114086,4.952532,180.01407,-29.963692,3.002299,0.202681,0.0,2.537192,35.571976,-244.7696,12.0,40.0,0.0,0.0,-239.99986,-240.0,146.22961,3.0E-6,3.4E-5,282.893,215.4766,-0.019824,-2.499424,-17.777674,0.0
0.0,0.0,0.0,0.0,0.0,0.0,0.0,0.0,0.0,0.0,0.0,0.0,0.0,0.0,63.991837,-22.605427,146.22961,0.114087,4.952532,180.01407,-29.963696,3.002214,0.182279,0.0,2.537104,35.563774,-244.7778,12.0,40.0,0.0,0.0,-239.99986,-240.0,146.22961,3.0E-6,0.0,282.893,214.24725,-0.019832,-2.499452,-17.873346,0.0
0.0,0.0,0.0,0.0,0.0,0.0,0.0,0.0,0.0,0.0,0.0,0.0,0.0,0.0,63.991837,-22.605427,146.22961,0.114088,4.952532,180.01407,-29.9637,3.002135,0.207462,0.0,2.53679,35.556293,-244.7853,12.0,40.0,0.0,0.0,-239.99986,-240.0,146.22961,3.0E-6,0.0,282.893,213.10406,-0.01984,-2.499477,-14.967571,0.0
0.0,0.0,0.0,0.0,0.0,0.0,0.0,0.0,0.0,0.0,0.0,0.0,0.0,0.0,63.991837,-22.605427,146.22961,0.114089,4.952532,180.01407,-29.963701,3.00205,0.181744,0.0,2.537077,35.548096,-244.79349,12.0,40.0,0.0,0.0,-239.99986,-240.0,146.22961,3.0E-6,0.0,282.893,211.84183,-0.019846,-2.499502,-15.091125,0.0
0.0,0.0,0.0,0.0,0.0,0.0,0.0,0.0,0.0,0.0,0.0,0.0,0.0,0.0,63.991837,-22.605427,146.22961,0.11409,4.952533,180.01407,-29.963703,3.001964,0.114983,0.0,2.536603,35.539913,-244.80167,12.0,40.0,0.0,0.0,-239.99986,-240.0,146.22961,3.0E-6,-3.4E-5,282.893,210.56651,-0.019852,-2.499527,-14.949816,0.0
0.0,0.0,0.0,0.0,0.0,0.0,0.0,0.0,0.0,0.0,0.0,0.0,0.0,0.0,63.991837,-22.605427,146.22961,0.11409,4.952533,180.01407,-29.963703,3.001878,-0.262899,-0.0,2.536512,35.531773,-244.80981,12.0,40.0,0.0,0.0,-239.99986,-240.0,146.22961,3.0E-6,0.0,282.893,209.28094,-0.019857,-2.49955,-14.841422,0.0
0.0,0.0,0.0,0.0,0.0,0.0,0.0,0.0,0.0,0.0,0.0,0.0,0.0,0.0,63.991837,-22.605427,146.22961,0.11409,4.952533,180.01407,-29.963705,3.001786,-0.774939,-0.0,2.536827,35.522892,-244.8187,12.0,40.0,0.0,0.0,-239.99986,-240.0,146.22961,2.0E-6,0.0,282.893,207.87982,-0.019862,-2.499574,-17.859581,0.0
0.0,0.0,0.0,0.0,0.0,0.0,0.0,0.0,0.0,0.0,0.0,0.0,0.0,0.0,63.991837,-22.605427,146.22961,0.11409,4.952533,180.01407,-29.963705,3.001707,-0.791589,-0.0,2.536731,35.515396,-244.82619,12.0,40.0,0.0,0.0,-239.99986,-240.0,146.22961,2.0E-6,0.0,282.893,206.68993,-0.019866,-2.499593,-15.115088,0.0
0.0,0.0,0.0,0.0,0.0,0.0,0.0,0.0,0.0,0.0,0.0,0.0,0.0,0.0,63.991837,-22.605427,146.22961,0.114089,4.952533,180.01407,-29.963705,3.001615,-0.772199,-0.0,2.536362,35.506573,-244.835,12.0,40.0,0.0,0.0,-239.99986,-240.0,146.22961,2.0E-6,3.4E-5,282.893,205.28152,-0.01987,-2.499614,-17.79382,0.0
0.0,0.0,0.0,0.0,0.0,0.0,0.0,0.0,0.0,0.0,0.0,0.0,0.0,0.0,63.991837,-22.605427,146.22961,0.114089,4.952533,180.01407,-29.963707,3.001529,-0.784731,-0.0,2.536424,35.498425,-244.84315,12.0,40.0,0.0,0.0,-239.99986,-240.0,146.22961,2.0E-6,-3.4E-5,282.893,203.9821,-0.019874,-2.499633,-17.838182,0.0
0.0,0.0,0.0,0.0,0.0,0.0,0.0,0.0,0.0,0.0,0.0,0.0,0.0,0.0,63.991837,-22.605427,146.22961,0.114089,4.952533,180.01407,-29.963707,3.001443,-0.845985,-0.0,2.536704,35.490246,-244.85133,12.0,40.0,0.0,0.0,-239.99986,-240.0,146.22961,2.0E-6,-3.4E-5,282.893,202.68594,-0.019877,-2.499651,-17.896864,0.0
0.0,0.0,0.0,0.0,0.0,0.0,0.0,0.0,0.0,0.0,0.0,0.0,0.0,0.0,63.991837,-22.605427,146.22961,0.114089,4.952533,180.01407,-29.963707,3.001358,-0.841469,-0.0,2.536331,35.48208,-244.8595,12.0,40.0,0.0,0.0,-239.99986,-240.0,146.22961,2.0E-6,-6.7E-5,282.893,201.39554,-0.019879,-2.499668,-17.88415,0.0
0.0,0.0,0.0,0.0,0.0,0.0,0.0,0.0,0.0,0.0,0.0,0.0,0.0,0.0,63.991837,-22.605427,146.22961,0.114088,4.952533,180.01407,-29.963707,3.001272,-0.857273,-0.0,2.536255,35.473915,-244.86766,12.0,40.0,0.0,0.0,-239.99986,-240.0,146.22961,2.0E-6,-6.7E-5,282.893,200.11333,-0.019882,-2.499684,-17.803318,0.0
0.0,0.0,0.0,0.0,0.0,0.0,0.0,0.0,0.0,0.0,0.0,0.0,0.0,0.0,63.991837,-22.605427,146.22961,0.114088,4.952534,180.01407,-29.963707,3.001187,-0.833369,-0.0,2.536515,35.465733,-244.87585,12.0,40.0,0.0,0.0,-239.99986,-240.0,146.22961,2.0E-6,-0.0,282.893,198.84169,-0.019884,-2.4997,-17.905231,0.0
0.0,0.0,0.0,0.0,0.0,0.0,0.0,0.0,0.0,0.0,0.0,0.0,0.0,0.0,63.991837,-22.605427,146.22961,0.114088,4.952534,180.01407,-29.963707,3.001101,-0.812443,-0.0,2.536122,35.457565,-244.88402,12.0,40.0,0.0,0.0,-239.99986,-240.0,146.22961,2.0E-6,-6.7E-5,282.893,197.58295,-0.019886,-2.499714,-17.887117,0.0
0.0,0.0,0.0,0.0,0.0,0.0,0.0,0.0,0.0,0.0,0.0,0.0,0.0,0.0,63.991837,-22.605427,146.22961,0.114087,4.952534,180.01407,-29.963707,3.001023,-0.814215,-0.0,2.53595,35.450104,-244.89148,12.0,40.0,0.0,0.0,-239.99986,-240.0,146.22961,2.0E-6,0.0,282.893,196.44232,-0.019888,-2.499727,-14.970284,0.0
